ADDITIONAL_SEGMENT_VALUE,ADDITIONAL_SEGMENT_DESC,ACCT_TYPE,NATURAL_ACCT_SEGMENT_VALUE,NATURAL_ACCT_SEGMENT_DESC,BEGIN_BALANCE,TOTAL_DR,TOTAL_CR,END_BALANCE,ACCOUNTING_PERIOD_PARAM
101,FCDO,E,C103002,MBL-SME Loans-Variable Expenses,0,0,0,0,Jul-26
101,FCDO,E,C106002,CIC Transaction cost - Legal D.D & Documentation,0,0,0,0,Jul-26
101,FCDO,E,C107002,Strategic Investment - Pre & post investment cost,0,0,0,0,Jul-26
101,FCDO,E,C107003,Due diligence cost - Pre & post investment cost,0,0,0,0,Jul-26
101,FCDO,E,C108002,Credit - Pre & post investment cost,0,0,0,0,Jul-26
101,FCDO,E,C109001,CIC - Equity Deals,0,0,0,0,Jul-26
101,FCDO,E,C109002,Equity - Pre & post investment cost,0,0,0,0,Jul-26
101,FCDO,E,C130001,Capacity Building of Partners,0,0,0,0,Jul-26
101,FCDO,E,C130004,SEED Technical Assistance                          ,0,0,0,0,Jul-26
101,FCDO,E,D105012,Secured Transaction Registry (STR),0,0,0,0,Jul-26
101,FCDO,E,D105013,SECP Overhead,0,0,0,0,Jul-26
101,FCDO,E,D107010,LEAP Consultancy,0,0,0,0,Jul-26
101,FCDO,E,D107011,Company Registry,0,0,0,0,Jul-26
101,FCDO,E,D107021,LEAP PMO,0,0,0,0,Jul-26
101,FCDO,E,D107022,SOC Implementation,0,0,0,0,Jul-26
101,FCDO,E,D107023,XBRL Implementation,0,0,0,0,Jul-26
101,FCDO,E,D107025,"W4: Technical Advisory, Industry/Int'l Expert Engagement, Learning/Networking Events",0,0,0,0,Jul-26
101,FCDO,E,D107051,"W2: Technical Advisory, Industry/Int'l Expert Engagement, Learning/Networking Events",0,0,0,0,Jul-26
101,FCDO,E,H101001,Bank Charges,0,0,0,0,Jul-26
101,FCDO,E,H103002,Capacity Building,0,25000,0,25000,Jul-26
101,FCDO,E,H104001,Travel,0,0,0,0,Jul-26
101,FCDO,E,H105001,HR Consultancies & Internships,0,0,0,0,Jul-26
101,FCDO,E,H106001,Electricity,0,0,0,0,Jul-26
101,FCDO,E,H106002,Telephone & Internet,0,0,0,0,Jul-26
101,FCDO,E,H106003,Communication reimbursement,0,0,0,0,Jul-26
101,FCDO,E,H106006,Generator Expenses,0,0,0,0,Jul-26
101,FCDO,E,H106007,Fuel reimbursement,0,0,0,0,Jul-26
101,FCDO,E,H107001,Depreciation Expense - Furnitures and Fixtures,0,0,0,0,Jul-26
101,FCDO,E,H107002,Depreciation Expense - Office Equipment,0,0,0,0,Jul-26
101,FCDO,E,H107004,Depreciation Expense - Computers,0,0,0,0,Jul-26
101,FCDO,E,H107006,Depreciation Expense - Solar Equipment,0,0,0,0,Jul-26
101,FCDO,E,H108001,Road Transportation,0,0,0,0,Jul-26
101,FCDO,E,H108002,Vehicle Operations,0,0,0,0,Jul-26
101,FCDO,E,H108003,Vehicle Maintenance,0,0,0,0,Jul-26
101,FCDO,E,H108004,Vehicle Insurance - Amortization,0,0,0,0,Jul-26
101,FCDO,E,H110002,Health Insurance - Amortization,0,99930,0,99930,Jul-26
101,FCDO,E,H113001,Exchange Gain,0,0,0,0,Jul-26
101,FCDO,E,H113002,Exchange Loss,0,0,0,0,Jul-26
101,FCDO,E,H115001,Meeting & Conferences,0,0,0,0,Jul-26
101,FCDO,E,H116001,Kitchen Supplies,0,0,0,0,Jul-26
101,FCDO,E,H116002,Cleaning Material,0,0,0,0,Jul-26
101,FCDO,E,H116003,Postage & Courier,0,0,0,0,Jul-26
101,FCDO,E,H116004,Office Supplies,0,0,0,0,Jul-26
101,FCDO,E,H116006,IT Supplies,0,0,0,0,Jul-26
101,FCDO,E,H117001,Office Rent- Islamabad,0,0,0,0,Jul-26
101,FCDO,E,H118001,Amortization - Asset and Vehicles Insurance,0,0,0,0,Jul-26
101,FCDO,E,H119001,Boarding & Lodging,0,0,0,0,Jul-26
101,FCDO,E,H119002,BoD-Boarding & Lodging,0,0,0,0,Jul-26
101,FCDO,E,H119003,Perdiem,0,0,0,0,Jul-26
101,FCDO,E,H121002,Stationery Printing,0,0,0,0,Jul-26
101,FCDO,E,H122001,IT Consultancy,0,0,0,0,Jul-26
101,FCDO,E,H122002,External Audit,0,0,0,0,Jul-26
101,FCDO,E,H122003,Internal  Audit,0,0,0,0,Jul-26
101,FCDO,E,H122004,Legal Charges,0,0,0,0,Jul-26
101,FCDO,E,H122005,Out of Pocket Ext-Audit,0,0,0,0,Jul-26
101,FCDO,E,H122007,Tax Consultancy,0,0,0,0,Jul-26
101,FCDO,E,H122010,External Audit Fee - Group Audits,0,0,0,0,Jul-26
101,FCDO,E,H123003,Daily Wages,0,0,0,0,Jul-26
101,FCDO,E,H123005,Staff Training,0,0,0,0,Jul-26
101,FCDO,E,H123006,EOBI Expense,0,6660,0,6660,Jul-26
101,FCDO,E,H123007,Advertisement Expenses,0,0,0,0,Jul-26
101,FCDO,E,H124001,Office Repair & Maintenance,0,0,0,0,Jul-26
101,FCDO,E,H124002,Equipment Repair & Maintenance,0,0,0,0,Jul-26
101,FCDO,E,H125001,Software Annual Support Services,0,0,0,0,Jul-26
101,FCDO,E,H126001,Fee & Subscription,0,0,0,0,Jul-26
101,FCDO,E,H126002,Employee Engagement,0,0,0,0,Jul-26
101,FCDO,E,H126003,Rewards & Compensation Survey,0,0,0,0,Jul-26
101,FCDO,E,H128001,Guards & Janitorial Services,0,0,0,0,Jul-26
101,FCDO,E,H128002,Corporate and Social Responsibility,0,0,0,0,Jul-26
101,FCDO,E,H129006,Directors & officers liability insurance,0,0,0,0,Jul-26
101,FCDO,E,H129009,JSK Feeds - Management Expense,0,0,0,0,Jul-26
101,FCDO,E,H129021,Life Insurance - Amortization,0,6538,0,6538,Jul-26
101,FCDO,E,H129022,Unwinding of Interest on loan to BF Biosciences,0,0,0,0,Jul-26
101,FCDO,E,H129031,LT Gov Framework Exercise/Study,0,0,0,0,Jul-26
101,FCDO,E,H129033,Management fee expense PFSL,0,0,0,0,Jul-26
101,FCDO,E,H129034,Modification loss / gain on BFBL,0,0,0,0,Jul-26
101,FCDO,E,H129035,Modification loss / gain due to change in cashflow on IHV,0,0,0,0,Jul-26
101,FCDO,E,H129036,Modification loss on KRN convertible loans,0,0,0,0,Jul-26
101,FCDO,E,H130003,Board and Committee Meetings,0,0,0,0,Jul-26
101,FCDO,E,I109001,ICF 6 - GCF (Grant),0,0,0,0,Jul-26
101,FCDO,E,I109002,ICF 6 - GCF Grant,0,0,0,0,Jul-26
101,FCDO,E,I112001,WV: Technical Assistance (BDS),0,0,0,0,Jul-26
101,FCDO,E,I114001,WV: Capacity Building Funds,0,0,0,0,Jul-26
101,FCDO,E,K102006,PR Services,0,0,0,0,Jul-26
101,FCDO,E,K102009,Karandaaz Innovation - Advertising & Outreach,0,0,0,0,Jul-26
101,FCDO,E,K102011,The Impact of Digital Financial Inclusion on the Economy,0,0,0,0,Jul-26
101,FCDO,E,K102012,Knowledge Partnerships,0,0,0,0,Jul-26
101,FCDO,E,K102014,Website Maintenance+SEO,0,0,0,0,Jul-26
101,FCDO,E,K102015,Digital and Social Media,0,0,0,0,Jul-26
101,FCDO,E,K102016,Marketing Collateral,0,0,0,0,Jul-26
101,FCDO,E,K102017,SME/CIC Market Visibility and Outreach,0,0,0,0,Jul-26
101,FCDO,E,K102025,ICF Marketing & MEL,0,0,0,0,Jul-26
101,FCDO,E,K102026,"WV - Events, Videos, Briefs",0,0,0,0,Jul-26
101,FCDO,E,K102034,"SECP Outreach Activity - STR, LEAP",0,0,0,0,Jul-26
101,FCDO,E,K103002,W2 - Data Portal (FCDO),0,0,0,0,Jul-26
101,FCDO,E,K103020,Data Portal 2.0 (FCDO),0,0,0,0,Jul-26
101,FCDO,E,K103027,Study on Landscape of Women-Led Businesses,0,0,0,0,Jul-26
101,FCDO,E,K103028,Study on Quality of Jobs Created,0,0,0,0,Jul-26
101,FCDO,E,K103030,Study on the prevalent tax regime,0,0,0,0,Jul-26
101,FCDO,E,K103035,Constant Contact,0,0,0,0,Jul-26
101,FCDO,E,K103036,Graphic Design Services,0,0,0,0,Jul-26
101,FCDO,E,K103041,Study on Healthcare Service Delivery in Pakistan (New),0,0,0,0,Jul-26
101,FCDO,E,K103044,"DFS Outreach (videos, publications, photo collections)",0,0,0,0,Jul-26
101,FCDO,E,K103045,SEED - Legal and Professional Charges,0,0,0,0,Jul-26
101,FCDO,E,K103046,Zoom Webinar,0,0,0,0,Jul-26
101,FCDO,E,K103047,SEO for Website,0,0,0,0,Jul-26
101,FCDO,E,K103050,KRN Small Development Initiatives,0,0,0,0,Jul-26
101,FCDO,E,K103051,Corporate Governance in SMEs,0,0,0,0,Jul-26
101,FCDO,E,K103052,"Engagement with Influencer Platforms/Podcasts (Pakistonomy, Tabadlab, etc.)",0,0,0,0,Jul-26
101,FCDO,E,K103056,Green Investment Instruments (e.g. Green Carbon Markets),0,0,0,0,Jul-26
101,FCDO,E,M102001,Third Party Monitoring of Karandaaz Projects,0,0,0,0,Jul-26
101,FCDO,E,M104008,CIC Assessment,0,0,0,0,Jul-26
101,FCDO,E,M104010,MEL functional Assessments (FCDO),0,0,0,0,Jul-26
101,FCDO,E,M104011,ESG Compliance Assessment,0,0,0,0,Jul-26
101,FCDO,E,M104012,Assessment of STR (SECP) - DFS,0,0,0,0,Jul-26
101,FCDO,E,M111001,KRN Green Portfolio,0,0,0,0,Jul-26
101,FCDO,E,SS5H100,Staff Salaries,0,1773467,0,1773467,Jul-26
101,FCDO,E,SS5H200,Staff Provident Fund,0,177458,0,177458,Jul-26
101,FCDO,E,SS5H201,Gratuity expense (Staff Salaries),0,0,0,0,Jul-26
101,FCDO,E,SS5H300,Staff Over time,0,0,0,0,Jul-26
101,FCDO,E,SS5H400,Staff Car Monetization,0,353000,0,353000,Jul-26
101,FCDO,E,SS5H500,Staff Child care assistance,0,0,0,0,Jul-26
101,FCDO,E,SS5H600,Performance payout,0,0,0,0,Jul-26
101,FCDO,E,SS5H700,Staff Arrears,0,0,0,0,Jul-26
101,FCDO,E,SS5H800,Other Deductions,0,0,0,0,Jul-26
101,FCDO,E,SS5H900,Other Reimbursement Expenses,0,240196,0,240196,Jul-26
201,BMGF,E,D103004,DFS - Digital Financial Inclusion for Women,0,0,0,0,Jul-26
201,BMGF,E,D103011,Digital Experiment 4,0,0,0,0,Jul-26
201,BMGF,E,D103014,Community of Fintechs,0,0,0,0,Jul-26
201,BMGF,E,D103015,UI/UX based support for market players,0,0,0,0,Jul-26
201,BMGF,E,D103016,Fintech Disrupt Challenge,0,0,0,0,Jul-26
201,BMGF,E,D103018,Digital Experiment 3,0,0,0,0,Jul-26
201,BMGF,E,D103020,FIWC - 2,0,0,0,0,Jul-26
201,BMGF,E,D103021,Digital Payments,0,0,0,0,Jul-26
201,BMGF,E,D103022,Sectoral Projects - Value chain,0,0,0,0,Jul-26
201,BMGF,E,D103025,FIWC - 3,0,0,0,0,Jul-26
201,BMGF,E,D105002,DFS - Innov. & Incb.. - Agri Program Development,0,0,0,0,Jul-26
201,BMGF,E,D105011,BISP Financial Literacy,0,0,0,0,Jul-26
201,BMGF,E,D105015,Pilot to scale,0,0,0,0,Jul-26
201,BMGF,E,D106008,"W3: Technical Advisory, Industry/International Expert Engagement, Learning/Networking Events",0,0,0,0,Jul-26
201,BMGF,E,D107002,MPG - Infrastructure,0,0,0,0,Jul-26
201,BMGF,E,D107003,MPG - Consultant (Mckinsey),0,0,0,0,Jul-26
201,BMGF,E,D107005,Pilot MPG Linked Projects,0,0,0,0,Jul-26
201,BMGF,E,D107006,MPG - Mosc Expenses,0,0,0,0,Jul-26
201,BMGF,E,D107007,MPG Operations,0,0,0,0,Jul-26
201,BMGF,E,D107009,Engagement with Fintech Practitioners,0,0,0,0,Jul-26
201,BMGF,E,D107012,Ecommerce,0,0,0,0,Jul-26
201,BMGF,E,D107013,CDNS Phase-2 Development,0,0,0,0,Jul-26
201,BMGF,E,D107015,New Accounts Acquisition,0,0,0,0,Jul-26
201,BMGF,E,D107016,MOPASS,0,0,0,0,Jul-26
201,BMGF,E,D107017,RAAST Adoption,0,0,0,0,Jul-26
201,BMGF,E,D107018,"W1: Technical Advisory, Industry/Int'l Expert Engagement, Learning/Networking Events",0,198486.68,0,198486.68,Jul-26
201,BMGF,E,D107020,Pakistan Stack,0,0,0,0,Jul-26
201,BMGF,E,D107025,"W4: Technical Advisory, Industry/Int'l Expert Engagement, Learning/Networking Events",0,73414.56,0,73414.56,Jul-26
201,BMGF,E,D107026,FIWC - 4 (Account or channel specifIc),0,0,0,0,Jul-26
201,BMGF,E,D107028,E-commerce Value Chain Interventions,0,0,0,0,Jul-26
201,BMGF,E,D107029,Sector Transformation - Agri Value Chain Transformation,0,4219078,0,4219078,Jul-26
201,BMGF,E,D107030,Adoption Projects,0,0,0,0,Jul-26
201,BMGF,E,D107034,Channel Development (Agents/Digital Onboarding),0,0,0,0,Jul-26
201,BMGF,E,D107037,FBR - Digital Invoicing Initiative (Landscape Assessment),0,0,0,0,Jul-26
201,BMGF,E,D107038,DFA-C,0,2550257,0,2550257,Jul-26
201,BMGF,E,D107039,RAAST S&M,0,0,0,0,Jul-26
201,BMGF,E,D107043,RAAST Implementation Phase,0,0,57603.1,-57603.1,Jul-26
201,BMGF,E,D107044,Buna-RAAST Connectivity,0,0,451720,-451720,Jul-26
201,BMGF,E,D107046,RAAST Governance,0,0,0,0,Jul-26
201,BMGF,E,D107047,FIWC - 5 (Launch),0,0,0,0,Jul-26
201,BMGF,E,D107048,New Project - Innovation Challenge Round,0,0,0,0,Jul-26
201,BMGF,E,D107049,Cashless Ecosystem,0,0,0,0,Jul-26
201,BMGF,E,D107051,"W2: Technical Advisory, Industry/Int'l Expert Engagement, Learning/Networking Events",0,0,0,0,Jul-26
201,BMGF,E,D107052,FBR - Digitization for Tax System (Stage 2: Project & Change Management ),0,0,0,0,Jul-26
201,BMGF,E,D107053,FBR - Digitalization for Tax System: Individual Consultant,0,10395000,0,10395000,Jul-26
201,BMGF,E,D107054,BISP - BISP and RAAST integration,0,0,0,0,Jul-26
201,BMGF,E,D107055,Raast-BUNA: Implementation,0,23699302.46,21348.42,23677954.04,Jul-26
201,BMGF,E,D107059,FBR Digitization for Tax System (Stage 3: McKinsey PMO),0,50570744,0,50570744,Jul-26
201,BMGF,E,D108001,Technical assistance for social protection program,0,0,0,0,Jul-26
201,BMGF,E,D108002,CCT Program to eradicate Polio,0,2360000,0,2360000,Jul-26
201,BMGF,E,D108003,Termination Cost - Grant Audit,0,0,0,0,Jul-26
201,BMGF,E,D108005,Mainstreaming,0,0,0,0,Jul-26
201,BMGF,E,D108006,Disruption and Experimentation: Innovative Solutions for Women's Inclusion,0,0,0,0,Jul-26
201,BMGF,E,D108008,"W5: Technical Advisory, Industry/International Expert Engagement, Learning/Networking Events",0,1531480,0,1531480,Jul-26
201,BMGF,E,H101001,Bank Charges,0,0,0,0,Jul-26
201,BMGF,E,H103002,Capacity Building,0,254953.08,899.55,254053.53,Jul-26
201,BMGF,E,H104001,Travel,0,97142,0,97142,Jul-26
201,BMGF,E,H104002,BoD-Travel,0,0,0,0,Jul-26
201,BMGF,E,H104003,International Travel,0,0,0,0,Jul-26
201,BMGF,E,H105001,HR Consultancies & Internships,0,296542.5,0,296542.5,Jul-26
201,BMGF,E,H106001,Electricity,0,165832,0,165832,Jul-26
201,BMGF,E,H106002,Telephone & Internet,0,57170.5,0,57170.5,Jul-26
201,BMGF,E,H106003,Communication reimbursement,0,103617.19,0,103617.19,Jul-26
201,BMGF,E,H106006,Generator Expenses,0,110410,44164,66246,Jul-26
201,BMGF,E,H106007,Fuel reimbursement,0,2420902.5,20142,2400760.5,Jul-26
201,BMGF,E,H107001,Depreciation Expense - Furnitures and Fixtures,0,0,0,0,Jul-26
201,BMGF,E,H107002,Depreciation Expense - Office Equipment,0,0,0,0,Jul-26
201,BMGF,E,H107004,Depreciation Expense - Computers,0,0,0,0,Jul-26
201,BMGF,E,H108001,Road Transportation,0,0,0,0,Jul-26
201,BMGF,E,H108002,Vehicle Operations,0,350,0,350,Jul-26
201,BMGF,E,H108003,Vehicle Maintenance,0,100,0,100,Jul-26
201,BMGF,E,H108004,Vehicle Insurance - Amortization,0,5062.5,0,5062.5,Jul-26
201,BMGF,E,H109001,Directors - Trainings & Workshops,0,0,0,0,Jul-26
201,BMGF,E,H110002,Health Insurance - Amortization,0,1377366,0,1377366,Jul-26
201,BMGF,E,H111001,BMGF Grant,0,0,0,0,Jul-26
201,BMGF,E,H113001,Exchange Gain,0,0,0,0,Jul-26
201,BMGF,E,H113002,Exchange Loss,0,35644.16,0,35644.16,Jul-26
201,BMGF,E,H115001,Meeting & Conferences,0,73699.72,0,73699.72,Jul-26
201,BMGF,E,H116001,Kitchen Supplies,0,65745.48,0,65745.48,Jul-26
201,BMGF,E,H116002,Cleaning Material,0,0,0,0,Jul-26
201,BMGF,E,H116003,Postage & Courier,0,1,0,1,Jul-26
201,BMGF,E,H116004,Office Supplies,0,29501,0,29501,Jul-26
201,BMGF,E,H116006,IT Supplies,0,16250,0,16250,Jul-26
201,BMGF,E,H116007,IT - Repair and Maintenance,0,0,0,0,Jul-26
201,BMGF,E,H116008,Printer Monthly Rental and Usage,0,0,0,0,Jul-26
201,BMGF,E,H117001,Office Rent- Islamabad,0,1582801,0,1582801,Jul-26
201,BMGF,E,H118001,Amortization - Asset and Vehicles Insurance,0,19069.13,0,19069.13,Jul-26
201,BMGF,E,H119001,Boarding & Lodging,0,24603.6,0,24603.6,Jul-26
201,BMGF,E,H119002,BoD-Boarding & Lodging,0,86366,0,86366,Jul-26
201,BMGF,E,H119003,Perdiem,0,108208,0,108208,Jul-26
201,BMGF,E,H121001,Office Stationery,0,0,0,0,Jul-26
201,BMGF,E,H121002,Stationery Printing,0,0,0,0,Jul-26
201,BMGF,E,H122001,IT Consultancy,0,0,0,0,Jul-26
201,BMGF,E,H122002,External Audit,0,0,0,0,Jul-26
201,BMGF,E,H122003,Internal  Audit,0,0,0,0,Jul-26
201,BMGF,E,H122004,Legal Charges,0,302082,0,302082,Jul-26
201,BMGF,E,H122005,Out of Pocket Ext-Audit,0,0,0,0,Jul-26
201,BMGF,E,H122007,Tax Consultancy,0,28750,0,28750,Jul-26
201,BMGF,E,H122010,External Audit Fee - Group Audits,0,0,0,0,Jul-26
201,BMGF,E,H123003,Daily Wages,0,0,0,0,Jul-26
201,BMGF,E,H123005,Staff Training,0,0,0,0,Jul-26
201,BMGF,E,H123006,EOBI Expense,0,91797,0,91797,Jul-26
201,BMGF,E,H123007,Advertisement Expenses,0,0,0,0,Jul-26
201,BMGF,E,H124001,Office Repair & Maintenance,0,180,0,180,Jul-26
201,BMGF,E,H124002,Equipment Repair & Maintenance,0,0,0,0,Jul-26
201,BMGF,E,H125001,Software Annual Support Services,0,132653.92,0,132653.92,Jul-26
201,BMGF,E,H125002,Annual License fee - Amortization,0,0,0,0,Jul-26
201,BMGF,E,H125003,ERP support and maintenance cost,0,0,0,0,Jul-26
201,BMGF,E,H126001,Fee & Subscription,0,1000,0,1000,Jul-26
201,BMGF,E,H126002,Employee Engagement,0,20630.5,0,20630.5,Jul-26
201,BMGF,E,H126003,Rewards & Compensation Survey,0,0,0,0,Jul-26
201,BMGF,E,H126004,Corporate Social Responsibility,0,0,0,0,Jul-26
201,BMGF,E,H126005,SPOT recognition,0,214100,0,214100,Jul-26
201,BMGF,E,H128001,Guards & Janitorial Services,0,333368,0,333368,Jul-26
201,BMGF,E,H128002,Corporate and Social Responsibility,0,0,0,0,Jul-26
201,BMGF,E,H129006,Directors & officers liability insurance,0,135595.83,0,135595.83,Jul-26
201,BMGF,E,H129021,Life Insurance - Amortization,0,90115,0,90115,Jul-26
201,BMGF,E,H129031,LT Gov Framework Exercise/Study,0,0,0,0,Jul-26
201,BMGF,E,H130002,Cross-Currency Rounding Account,0,0,0,0,Jul-26
201,BMGF,E,H130003,Board and Committee Meetings,0,0,0,0,Jul-26
201,BMGF,E,H13003D,Dummy account as of June-22,0,0,0,0,Jul-26
201,BMGF,E,I109003,ICF-7,0,0,0,0,Jul-26
201,BMGF,E,K102001,KFIS 2026,0,0,0,0,Jul-26
201,BMGF,E,K102002,Landscape Study of Digital Lending for Small and Medium-Sized Merchants in Urban Pakistan,0,0,0,0,Jul-26
201,BMGF,E,K102003,Alternate Revenue Models for National Payment System,0,0,0,0,Jul-26
201,BMGF,E,K102004,Collateral Regime required to optimize EWRF in Pakistan,0,0,0,0,Jul-26
201,BMGF,E,K102006,PR Services,0,238409.6,27508.8,210900.8,Jul-26
201,BMGF,E,K102008,Product-Oriented Research on Select Agri Value Chains,0,0,0,0,Jul-26
201,BMGF,E,K102014,Website Maintenance+SEO,0,76647.06,0,76647.06,Jul-26
201,BMGF,E,K102015,Digital and Social Media,0,241258.24,0,241258.24,Jul-26
201,BMGF,E,K102016,Marketing Collateral,0,0,374.5,-374.5,Jul-26
201,BMGF,E,K102017,SME/CIC Market Visibility and Outreach,0,0,0,0,Jul-26
201,BMGF,E,K102018,FII Survey Wave VI,0,0,0,0,Jul-26
201,BMGF,E,K102028,CDNS ATM Card Launch,0,0,0,0,Jul-26
201,BMGF,E,K102036,Production equipment,0,0,0,0,Jul-26
201,BMGF,E,K103001,W2 - Data Portal (BMGF),0,0,0,0,Jul-26
201,BMGF,E,K103010,Regulatory Researches and Policy Notes,0,0,0,0,Jul-26
201,BMGF,E,K103021,Data Portal 2.0 (BMGF),0,0,0,0,Jul-26
201,BMGF,E,K103023,Market Assessment - Geographical Eco System,0,0,0,0,Jul-26
201,BMGF,E,K103025,FII Survey Wave VII,0,0,0,0,Jul-26
201,BMGF,E,K103033,Regulatory Framework for Digital Assets,0,0,0,0,Jul-26
201,BMGF,E,K103035,Constant Contact,0,0,0,0,Jul-26
201,BMGF,E,K103036,Graphic Design Services,0,0,0,0,Jul-26
201,BMGF,E,K103039,FII Survey Wave VII (in-Field Data Collection - Feb/Mar 2022),0,0,0,0,Jul-26
201,BMGF,E,K103043,Digital Pakistan Conference and Workships/Events/Industry Consultations/Round Tables,0,0,0,0,Jul-26
201,BMGF,E,K103044,"DFS Outreach (videos, publications, photo collections)",0,712464,0,712464,Jul-26
201,BMGF,E,K103046,Zoom Webinar,0,0,0,0,Jul-26
201,BMGF,E,K103047,SEO for Website,0,0,0,0,Jul-26
201,BMGF,E,K103052,"Engagement with Influencer Platforms/Podcasts (Pakistonomy, Tabadlab, etc.)",0,0,0,0,Jul-26
201,BMGF,E,K103053,SBP Campaign - Digital Fraud,0,0,0,0,Jul-26
201,BMGF,E,K103058,KFIS 2024,0,0,0,0,Jul-26
201,BMGF,E,K103059,Digital Fraud,0,0,0,0,Jul-26
201,BMGF,E,K103061,Improving DFS Adoption Among Women,0,0,0,0,Jul-26
201,BMGF,E,K103062,"Editing and Printing of Internal Notes (e.g. Budget, Import Substitution of Agri Commodities, Digitization of Argi Cooperatives)",0,0,0,0,Jul-26
201,BMGF,E,K103064,"Research Partnerships (e.g. Collboration wtih Research Experts, Decodis)",0,0,0,0,Jul-26
201,BMGF,E,K103065,Knowledge Partnerships BMGF (FAW),0,0,0,0,Jul-26
201,BMGF,E,K103066,Corporate Governance in SMEs (on-going),0,0,0,0,Jul-26
201,BMGF,E,K103068,Payment Digitization Index,0,0,0,0,Jul-26
201,BMGF,E,K103070,Feasibility Study for an E-invoicing platform in Pakistan,0,0,0,0,Jul-26
201,BMGF,E,K103072,RAAST Awareness Campaign,0,383381.4,191690.7,191690.7,Jul-26
201,BMGF,E,M102001,Third Party Monitoring of Karandaaz Projects,0,0,0,0,Jul-26
201,BMGF,E,M103001,Assessment of SCF market adoption,0,0,0,0,Jul-26
201,BMGF,E,M103003,Mid-cycle assessmentof Raast merchant onboarding,0,0,0,0,Jul-26
201,BMGF,E,M104004,GrowTech Assessment,0,0,0,0,Jul-26
201,BMGF,E,M112001,Assessment of Incentive Scheme Projects,0,0,0,0,Jul-26
201,BMGF,E,M113001,"CDNS - Assessment of Digitization Impact (Total Budgeted PKR 20.0M, spread over 2 years)",0,0,0,0,Jul-26
201,BMGF,E,M116001,Assessment of DFS Gender Portfolio,0,0,0,0,Jul-26
201,BMGF,E,SS5H100,Staff Salaries,0,23029079,0,23029079,Jul-26
201,BMGF,E,SS5H200,Staff Provident Fund,0,2287763,0,2287763,Jul-26
201,BMGF,E,SS5H201,Gratuity expense (Staff Salaries),0,0,0,0,Jul-26
201,BMGF,E,SS5H300,Staff Over time,0,183466,0,183466,Jul-26
201,BMGF,E,SS5H400,Staff Car Monetization,0,2717316,0,2717316,Jul-26
201,BMGF,E,SS5H500,Staff Child care assistance,0,136000,0,136000,Jul-26
201,BMGF,E,SS5H600,Performance payout,0,0,0,0,Jul-26
201,BMGF,E,SS5H700,Staff Arrears,0,-30960,0,-30960,Jul-26
201,BMGF,E,SS5H800,Other Deductions,0,118000,0,118000,Jul-26
201,BMGF,E,SS5H900,Other Reimbursement Expenses,0,1638824,0,1638824,Jul-26
201,BMGF,E,h106008,Wellness Allowance (Grade 7-10),0,16000,0,16000,Jul-26
301,FCDO & BMGF,E,H104001,Travel,0,0,0,0,Jul-26
301,FCDO & BMGF,E,H106002,Telephone & Internet,0,0,0,0,Jul-26
301,FCDO & BMGF,E,H106003,Communication reimbursement,0,0,0,0,Jul-26
301,FCDO & BMGF,E,H115001,Meeting & Conferences,0,0,0,0,Jul-26
301,FCDO & BMGF,E,H116001,Kitchen Supplies,0,0,0,0,Jul-26
301,FCDO & BMGF,E,H116002,Cleaning Material,0,0,0,0,Jul-26
301,FCDO & BMGF,E,H116003,Postage & Courier,0,0,0,0,Jul-26
301,FCDO & BMGF,E,H116004,Office Supplies,0,0,0,0,Jul-26
301,FCDO & BMGF,E,H119003,Perdiem,0,0,0,0,Jul-26
301,FCDO & BMGF,E,H121001,Office Stationery,0,0,0,0,Jul-26
301,FCDO & BMGF,E,H121002,Stationery Printing,0,0,0,0,Jul-26
301,FCDO & BMGF,E,H122004,Legal Charges,0,0,0,0,Jul-26
301,FCDO & BMGF,E,H128001,Guards & Janitorial Services,0,0,0,0,Jul-26
301,FCDO & BMGF,E,H13003D,Dummy account as of June-22,0,0,0,0,Jul-26
401,OSR,E,C103002,MBL-SME Loans-Variable Expenses,0,433796.61,0,433796.61,Jul-26
401,OSR,E,C103005,MIB-SME Loans-Variable Expenses,0,1740,0,1740,Jul-26
401,OSR,E,C103006,JSBL-SME Loans-Variable Expenses,0,0,0,0,Jul-26
401,OSR,E,C103008,Soneri-SME Loans-Variable Expenses,0,0,0,0,Jul-26
401,OSR,E,C108002,Credit - Pre & post investment cost,0,0,0,0,Jul-26
401,OSR,E,C109002,Equity - Pre & post investment cost,0,0,0,0,Jul-26
401,OSR,E,C110002,GREEN - Pre & post investment cost,0,0,0,0,Jul-26
401,OSR,E,H101001,Bank Charges,0,25749.33,348,25401.33,Jul-26
401,OSR,E,H103002,Capacity Building,0,229953.08,899.55,229053.53,Jul-26
401,OSR,E,H104001,Travel,0,172329,0,172329,Jul-26
401,OSR,E,H104002,BoD-Travel,0,0,0,0,Jul-26
401,OSR,E,H104003,International Travel,0,0,0,0,Jul-26
401,OSR,E,H105001,HR Consultancies & Internships,0,296542.5,0,296542.5,Jul-26
401,OSR,E,H106001,Electricity,0,165832,0,165832,Jul-26
401,OSR,E,H106002,Telephone & Internet,0,57170.5,0,57170.5,Jul-26
401,OSR,E,H106003,Communication reimbursement,0,125117.85,0,125117.85,Jul-26
401,OSR,E,H106006,Generator Expenses,0,110410,44164,66246,Jul-26
401,OSR,E,H106007,Fuel reimbursement,0,2420902.5,0,2420902.5,Jul-26
401,OSR,E,H107001,Depreciation Expense - Furnitures and Fixtures,0,0,0,0,Jul-26
401,OSR,E,H107002,Depreciation Expense - Office Equipment,0,0,0,0,Jul-26
401,OSR,E,H107004,Depreciation Expense - Computers,0,0,0,0,Jul-26
401,OSR,E,H107005,Depreciation Expense - ROUA,0,0,0,0,Jul-26
401,OSR,E,H108001,Road Transportation,0,0,0,0,Jul-26
401,OSR,E,H108002,Vehicle Operations,0,350,0,350,Jul-26
401,OSR,E,H108003,Vehicle Maintenance,0,100,0,100,Jul-26
401,OSR,E,H108004,Vehicle Insurance - Amortization,0,5062.5,0,5062.5,Jul-26
401,OSR,E,H109001,Directors - Trainings & Workshops,0,0,0,0,Jul-26
401,OSR,E,H110002,Health Insurance - Amortization,0,1487289,0,1487289,Jul-26
401,OSR,E,H113001,Exchange Gain,0,0,0,0,Jul-26
401,OSR,E,H113002,Exchange Loss,0,0,0,0,Jul-26
401,OSR,E,H115001,Meeting & Conferences,0,79219.72,0,79219.72,Jul-26
401,OSR,E,H116001,Kitchen Supplies,0,65745.48,0,65745.48,Jul-26
401,OSR,E,H116002,Cleaning Material,0,0,0,0,Jul-26
401,OSR,E,H116003,Postage & Courier,0,0,1,-1,Jul-26
401,OSR,E,H116004,Office Supplies,0,29501,0,29501,Jul-26
401,OSR,E,H116006,IT Supplies,0,16250,0,16250,Jul-26
401,OSR,E,H116007,IT - Repair and Maintenance,0,9204,0,9204,Jul-26
401,OSR,E,H116008,Printer Monthly Rental and Usage,0,0,0,0,Jul-26
401,OSR,E,H117001,Office Rent- Islamabad,0,1582801,0,1582801,Jul-26
401,OSR,E,H118001,Amortization - Asset and Vehicles Insurance,0,19069.13,0,19069.13,Jul-26
401,OSR,E,H119001,Boarding & Lodging,0,92556.4,0,92556.4,Jul-26
401,OSR,E,H119002,BoD-Boarding & Lodging,0,86366,0,86366,Jul-26
401,OSR,E,H119003,Perdiem,0,144208,0,144208,Jul-26
401,OSR,E,H121001,Office Stationery,0,0,0,0,Jul-26
401,OSR,E,H121002,Stationery Printing,0,0,0,0,Jul-26
401,OSR,E,H122001,IT Consultancy,0,0,0,0,Jul-26
401,OSR,E,H122002,External Audit,0,0,0,0,Jul-26
401,OSR,E,H122004,Legal Charges,0,302082,0,302082,Jul-26
401,OSR,E,H122005,Out of Pocket Ext-Audit,0,0,0,0,Jul-26
401,OSR,E,H122007,Tax Consultancy,0,28750,0,28750,Jul-26
401,OSR,E,H122010,External Audit Fee - Group Audits,0,0,0,0,Jul-26
401,OSR,E,H123003,Daily Wages,0,0,0,0,Jul-26
401,OSR,E,H123005,Staff Training,0,0,0,0,Jul-26
401,OSR,E,H123006,EOBI Expense,0,99123,0,99123,Jul-26
401,OSR,E,H124001,Office Repair & Maintenance,0,180,0,180,Jul-26
401,OSR,E,H124002,Equipment Repair & Maintenance,0,0,0,0,Jul-26
401,OSR,E,H125001,Software Annual Support Services,0,132653.63,0,132653.63,Jul-26
401,OSR,E,H125002,Annual License fee - Amortization,0,0,0,0,Jul-26
401,OSR,E,H125003,ERP support and maintenance cost,0,0,0,0,Jul-26
401,OSR,E,H126001,Fee & Subscription,0,0,0,0,Jul-26
401,OSR,E,H126002,Employee Engagement,0,20630.5,0,20630.5,Jul-26
401,OSR,E,H126004,Corporate Social Responsibility,0,0,0,0,Jul-26
401,OSR,E,H126005,SPOT recognition,0,215900,0,215900,Jul-26
401,OSR,E,H128001,Guards & Janitorial Services,0,333368,0,333368,Jul-26
401,OSR,E,H128002,Corporate and Social Responsibility,0,0,0,0,Jul-26
401,OSR,E,H129006,Directors & officers liability insurance,0,135595.83,0,135595.83,Jul-26
401,OSR,E,H129008,Other Expense,0,0,0,0,Jul-26
401,OSR,E,H129009,JSK Feeds - Management Expense,0,0,0,0,Jul-26
401,OSR,E,H129018,Finance Cost on Lease Liability,0,0,0,0,Jul-26
401,OSR,E,H129021,Life Insurance - Amortization,0,97308,0,97308,Jul-26
401,OSR,E,H129033,Management fee expense PFSL,0,0,0,0,Jul-26
401,OSR,E,H129036,Modification loss on KRN convertible loans,0,0,0,0,Jul-26
401,OSR,E,H129037,Brokerage fee and Ancillary charges,0,0,0,0,Jul-26
401,OSR,E,H130002,Cross-Currency Rounding Account,0,0,0,0,Jul-26
401,OSR,E,H130003,Board and Committee Meetings,0,0,0,0,Jul-26
401,OSR,E,H13003D,Dummy account as of June-22,0,0,0,0,Jul-26
401,OSR,E,I107004,Recovery agent fee for KRN WV parties,0,250000,0,250000,Jul-26
401,OSR,E,I109004,Ancillary Cost / Portfolio through PFSL,0,118329,0,118329,Jul-26
401,OSR,E,I112001,WV: Technical Assistance (BDS),0,0,0,0,Jul-26
401,OSR,E,I114001,WV: Capacity Building Funds,0,0,0,0,Jul-26
401,OSR,E,K102005,Green Economy- Developing Case Studies,0,0,0,0,Jul-26
401,OSR,E,K102006,PR Services,0,238409.6,27508.8,210900.8,Jul-26
401,OSR,E,K102008,Product-Oriented Research on Select Agri Value Chains,0,0,0,0,Jul-26
401,OSR,E,K102014,Website Maintenance+SEO,0,76647.06,0,76647.06,Jul-26
401,OSR,E,K102015,Digital and Social Media,0,241258.24,0,241258.24,Jul-26
401,OSR,E,K102016,Marketing Collateral,0,0,374.5,-374.5,Jul-26
401,OSR,E,K102017,SME/CIC Market Visibility and Outreach,0,0,0,0,Jul-26
401,OSR,E,K102020,"WV - Events, Videos, Briefs, etc. - on-going",0,0,0,0,Jul-26
401,OSR,E,K102025,ICF Marketing & MEL,0,0,0,0,Jul-26
401,OSR,E,K102026,"WV - Events, Videos, Briefs",0,0,0,0,Jul-26
401,OSR,E,K102036,Production equipment,0,0,0,0,Jul-26
401,OSR,E,K103035,Constant Contact,0,0,0,0,Jul-26
401,OSR,E,K103052,"Engagement with Influencer Platforms/Podcasts (Pakistonomy, Tabadlab, etc.)",0,0,0,0,Jul-26
401,OSR,E,K103055,"Feasibilities of Innovative Climate Change Investments Projects (e.g. Biomass, Commercial Forestry)",0,0,0,0,Jul-26
401,OSR,E,K103062,"Editing and Printing of Internal Notes (e.g. Budget, Import Substitution of Agri Commodities, Digitization of Argi Cooperatives)",0,0,0,0,Jul-26
401,OSR,E,K103069,Identifying WEE inclusive sectors and opportunities for anchor models,0,0,0,0,Jul-26
401,OSR,E,K103071,Feasibility Study of Investible Green Projects (new),0,0,0,0,Jul-26
401,OSR,E,M102001,Third Party Monitoring of Karandaaz Projects,0,0,0,0,Jul-26
401,OSR,E,M104008,CIC Assessment,0,0,0,0,Jul-26
401,OSR,E,M117001,MEL Tech Stack/ Dashboard (on secure database),0,0,0,0,Jul-26
401,OSR,E,SS5H100,Staff Salaries,0,23417691,0,23417691,Jul-26
401,OSR,E,SS5H200,Staff Provident Fund,0,2330464,0,2330464,Jul-26
401,OSR,E,SS5H201,Gratuity expense (Staff Salaries),0,0,0,0,Jul-26
401,OSR,E,SS5H300,Staff Over time,0,183466,0,183466,Jul-26
401,OSR,E,SS5H400,Staff Car Monetization,0,2837516,0,2837516,Jul-26
401,OSR,E,SS5H500,Staff Child care assistance,0,109000,0,109000,Jul-26
401,OSR,E,SS5H600,Performance payout,0,0,0,0,Jul-26
401,OSR,E,SS5H700,Staff Arrears,0,-9669,0,-9669,Jul-26
401,OSR,E,SS5H800,Other Deductions,0,137000,0,137000,Jul-26
401,OSR,E,SS5H900,Other Reimbursement Expenses,0,286613,0,286613,Jul-26
401,OSR,E,h106008,Wellness Allowance (Grade 7-10),0,6000,0,6000,Jul-26
501,N/A,E,C101001,FCDO - Amortization of Deferred Grant,0,0,0,0,Jul-26
501,N/A,E,C103002,MBL-SME Loans-Variable Expenses,0,0,0,0,Jul-26
501,N/A,E,C103003,BAFL-SME Loans-Variable Expenses,0,0,0,0,Jul-26
501,N/A,E,C105004,TA to New Partners,0,0,0,0,Jul-26
501,N/A,E,C107002,Strategic Investment - Pre & post investment cost,0,0,0,0,Jul-26
501,N/A,E,C108002,Credit - Pre & post investment cost,0,0,0,0,Jul-26
501,N/A,E,C109002,Equity - Pre & post investment cost,0,0,0,0,Jul-26
501,N/A,E,C130004,SEED Technical Assistance                          ,0,0,0,0,Jul-26
501,N/A,E,C130005,CDC Maintenance Charges,0,0,0,0,Jul-26
501,N/A,E,D103012,Digital Experiments (5-7),0,0,0,0,Jul-26
501,N/A,E,D103015,UI/UX based support for market players,0,0,0,0,Jul-26
501,N/A,E,D103016,Fintech Disrupt Challenge,0,0,0,0,Jul-26
501,N/A,E,D103020,FIWC - 2,0,0,0,0,Jul-26
501,N/A,E,D105004,CDNS,0,0,0,0,Jul-26
501,N/A,E,D105007,Agri Value Chain Payment Digitization,0,0,0,0,Jul-26
501,N/A,E,D105008,SECP Digital & IT Transformation,0,0,0,0,Jul-26
501,N/A,E,D106004,BISP- ERP & Payment reconciliation system,0,0,0,0,Jul-26
501,N/A,E,D107002,MPG - Infrastructure,0,0,0,0,Jul-26
501,N/A,E,D107003,MPG - Consultant (Mckinsey),0,0,0,0,Jul-26
501,N/A,E,D107004,MPG Infrastructure,0,0,0,0,Jul-26
501,N/A,E,D107005,Pilot MPG Linked Projects,0,0,0,0,Jul-26
501,N/A,E,D107007,MPG Operations,0,0,0,0,Jul-26
501,N/A,E,D107009,Engagement with Fintech Practitioners,0,0,0,0,Jul-26
501,N/A,E,D107011,Company Registry,0,0,0,0,Jul-26
501,N/A,E,D107043,RAAST Implementation Phase,0,0,0,0,Jul-26
501,N/A,E,H101001,Bank Charges,0,0,0,0,Jul-26
501,N/A,E,H102001,Amortization of Intangible Assets,0,0,0,0,Jul-26
501,N/A,E,H103002,Capacity Building,0,0,0,0,Jul-26
501,N/A,E,H104001,Travel,0,0,0,0,Jul-26
501,N/A,E,H105001,HR Consultancies & Internships,0,0,0,0,Jul-26
501,N/A,E,H106001,Electricity,0,0,0,0,Jul-26
501,N/A,E,H106002,Telephone & Internet,0,0,0,0,Jul-26
501,N/A,E,H106003,Communication reimbursement,0,0,0,0,Jul-26
501,N/A,E,H106006,Generator Expenses,0,0,0,0,Jul-26
501,N/A,E,H106007,Fuel reimbursement,0,0,0,0,Jul-26
501,N/A,E,H107001,Depreciation Expense - Furnitures and Fixtures,0,0,0,0,Jul-26
501,N/A,E,H107002,Depreciation Expense - Office Equipment,0,0,0,0,Jul-26
501,N/A,E,H107003,Depreciation Expense - Vehicles,0,0,0,0,Jul-26
501,N/A,E,H107004,Depreciation Expense - Computers,0,0,0,0,Jul-26
501,N/A,E,H107005,Depreciation Expense - ROUA,0,0,0,0,Jul-26
501,N/A,E,H108002,Vehicle Operations,0,0,0,0,Jul-26
501,N/A,E,H108003,Vehicle Maintenance,0,0,0,0,Jul-26
501,N/A,E,H110002,Health Insurance - Amortization,0,0,0,0,Jul-26
501,N/A,E,H113001,Exchange Gain,0,0,15230.91,-15230.91,Jul-26
501,N/A,E,H113002,Exchange Loss,0,259033.46,0,259033.46,Jul-26
501,N/A,E,H114001,Investment / Credit Committee,0,0,0,0,Jul-26
501,N/A,E,H115001,Meeting & Conferences,0,0,0,0,Jul-26
501,N/A,E,H116001,Kitchen Supplies,0,0,0,0,Jul-26
501,N/A,E,H116002,Cleaning Material,0,0,0,0,Jul-26
501,N/A,E,H116003,Postage & Courier,0,0,0,0,Jul-26
501,N/A,E,H116004,Office Supplies,0,0,0,0,Jul-26
501,N/A,E,H116007,IT - Repair and Maintenance,0,0,0,0,Jul-26
501,N/A,E,H116008,Printer Monthly Rental and Usage,0,0,0,0,Jul-26
501,N/A,E,H117001,Office Rent- Islamabad,0,0,0,0,Jul-26
501,N/A,E,H118001,Amortization - Asset and Vehicles Insurance,0,0,0,0,Jul-26
501,N/A,E,H119001,Boarding & Lodging,0,0,0,0,Jul-26
501,N/A,E,H119003,Perdiem,0,0,0,0,Jul-26
501,N/A,E,H121002,Stationery Printing,0,0,0,0,Jul-26
501,N/A,E,H122001,IT Consultancy,0,0,0,0,Jul-26
501,N/A,E,H122002,External Audit,0,0,0,0,Jul-26
501,N/A,E,H122004,Legal Charges,0,0,0,0,Jul-26
501,N/A,E,H122005,Out of Pocket Ext-Audit,0,0,0,0,Jul-26
501,N/A,E,H122006,Out of Pocket Internal-Audit,0,0,0,0,Jul-26
501,N/A,E,H122007,Tax Consultancy,0,0,0,0,Jul-26
501,N/A,E,H122010,External Audit Fee - Group Audits,0,0,0,0,Jul-26
501,N/A,E,H123003,Daily Wages,0,0,0,0,Jul-26
501,N/A,E,H123005,Staff Training,0,0,0,0,Jul-26
501,N/A,E,H123006,EOBI Expense,0,2397,0,2397,Jul-26
501,N/A,E,H123007,Advertisement Expenses,0,0,0,0,Jul-26
501,N/A,E,H124001,Office Repair & Maintenance,0,0,0,0,Jul-26
501,N/A,E,H125001,Software Annual Support Services,0,0,0,0,Jul-26
501,N/A,E,H125002,Annual License fee - Amortization,0,0,0,0,Jul-26
501,N/A,E,H126001,Fee & Subscription,0,0,0,0,Jul-26
501,N/A,E,H126002,Employee Engagement,0,0,0,0,Jul-26
501,N/A,E,H126005,SPOT recognition,0,0,0,0,Jul-26
501,N/A,E,H127001,Loss on disposal of Fixed Assets,0,0,0,0,Jul-26
501,N/A,E,H128001,Guards & Janitorial Services,0,0,0,0,Jul-26
501,N/A,E,H128002,Corporate and Social Responsibility,0,0,0,0,Jul-26
501,N/A,E,H129006,Directors & officers liability insurance,0,0,0,0,Jul-26
501,N/A,E,H129008,Other Expense,0,30486,0,30486,Jul-26
501,N/A,E,H129009,JSK Feeds - Management Expense,0,0,0,0,Jul-26
501,N/A,E,H129014,Impaiment Loss under IFRS 9,0,0,0,0,Jul-26
501,N/A,E,H129018,Finance Cost on Lease Liability,0,0,0,0,Jul-26
501,N/A,E,H129019,Loss on below market rate loans - PFSL,0,0,0,0,Jul-26
501,N/A,E,H129021,Life Insurance - Amortization,0,0,0,0,Jul-26
501,N/A,E,H129022,Unwinding of Interest on loan to BF Biosciences,0,0,0,0,Jul-26
501,N/A,E,H129024,Unwinding of Interest on loans through PFSL,0,0,0,0,Jul-26
501,N/A,E,H129025,Modification loss on below Market loans - PFSL,0,0,0,0,Jul-26
501,N/A,E,H129027,Life Insurance - Expense,0,0,0,0,Jul-26
501,N/A,E,H129028,BFBL-SME Loans-Variable Expenses,0,0,0,0,Jul-26
501,N/A,E,H129029,Nizam- SME Loans- Variable Expenses,0,0,0,0,Jul-26
501,N/A,E,H129030,WHT on dividend,0,0,0,0,Jul-26
501,N/A,E,H129033,Management fee expense PFSL,0,0,0,0,Jul-26
501,N/A,E,H129034,Modification loss / gain on BFBL,0,0,0,0,Jul-26
501,N/A,E,H129035,Modification loss / gain due to change in cashflow on IHV,0,0,0,0,Jul-26
501,N/A,E,H129036,Modification loss on KRN convertible loans,0,0,0,0,Jul-26
501,N/A,E,H129037,Brokerage fee and Ancillary charges,0,0,0,0,Jul-26
501,N/A,E,H129038,Sales tax - Withholding by clients,0,0,0,0,Jul-26
501,N/A,E,H130002,Cross-Currency Rounding Account,0,107110588.1,107110587.7,0.49,Jul-26
501,N/A,E,H13003D,Dummy account as of June-22,0,2996641249,2996641249,-0.16,Jul-26
501,N/A,E,I107003,Women Entrepreneurship Challenge 2020,0,0,0,0,Jul-26
501,N/A,E,I109001,ICF 6 - GCF (Grant),0,0,0,0,Jul-26
501,N/A,E,I109004,Ancillary Cost / Portfolio through PFSL,0,0,0,0,Jul-26
501,N/A,E,I111001,WV: Investments,0,0,0,0,Jul-26
501,N/A,E,I112001,WV: Technical Assistance (BDS),0,0,0,0,Jul-26
501,N/A,E,I112002,WV 2020: Technical Assistance,0,0,0,0,Jul-26
501,N/A,E,I114001,WV: Capacity Building Funds,0,0,0,0,Jul-26
501,N/A,E,K102003,Alternate Revenue Models for National Payment System,0,0,0,0,Jul-26
501,N/A,E,K102008,Product-Oriented Research on Select Agri Value Chains,0,0,0,0,Jul-26
501,N/A,E,K102009,Karandaaz Innovation - Advertising & Outreach,0,0,0,0,Jul-26
501,N/A,E,K102013,Design Agency,0,0,0,0,Jul-26
501,N/A,E,K102014,Website Maintenance+SEO,0,0,0,0,Jul-26
501,N/A,E,K102015,Digital and Social Media,0,0,0,0,Jul-26
501,N/A,E,K102016,Marketing Collateral,0,0,0,0,Jul-26
501,N/A,E,K102017,SME/CIC Market Visibility and Outreach,0,0,0,0,Jul-26
501,N/A,E,K102020,"WV - Events, Videos, Briefs, etc. - on-going",0,0,0,0,Jul-26
501,N/A,E,K102021,Study on Alternate Energy and Energy Efficiency,0,0,0,0,Jul-26
501,N/A,E,K102023,Comms Consultant,0,0,0,0,Jul-26
501,N/A,E,K102025,ICF Marketing & MEL,0,0,0,0,Jul-26
501,N/A,E,K102028,CDNS ATM Card Launch,0,0,0,0,Jul-26
501,N/A,E,K102030,MPG P2P Launch,0,0,0,0,Jul-26
501,N/A,E,K103003,Data Portal (BMGF),0,0,0,0,Jul-26
501,N/A,E,K103004,Data Portal (FCDO),0,0,0,0,Jul-26
501,N/A,E,K103018,Study on Landscape - Women Led Businesses,0,0,0,0,Jul-26
501,N/A,E,K103019,Demand Side Outreach Activity,0,0,0,0,Jul-26
501,N/A,E,K103020,Data Portal 2.0 (FCDO),0,0,0,0,Jul-26
501,N/A,E,K103021,Data Portal 2.0 (BMGF),0,0,0,0,Jul-26
501,N/A,E,K103025,FII Survey Wave VII,0,0,0,0,Jul-26
501,N/A,E,K103028,Study on Quality of Jobs Created,0,0,0,0,Jul-26
501,N/A,E,K103030,Study on the prevalent tax regime,0,0,0,0,Jul-26
501,N/A,E,K103033,Regulatory Framework for Digital Assets,0,0,0,0,Jul-26
501,N/A,E,K103035,Constant Contact,0,0,0,0,Jul-26
501,N/A,E,K103040,Knowledge Partnerships,0,0,0,0,Jul-26
501,N/A,E,K103043,Digital Pakistan Conference and Workships/Events/Industry Consultations/Round Tables,0,0,0,0,Jul-26
501,N/A,E,M102001,Third Party Monitoring of Karandaaz Projects,0,0,0,0,Jul-26
501,N/A,E,M103005,M&E- Formative evaluations and baselines,0,0,0,0,Jul-26
501,N/A,E,M104010,MEL functional Assessments (FCDO),0,0,0,0,Jul-26
501,N/A,E,M108001,SRQ Toolkit Update,0,0,0,0,Jul-26
501,N/A,E,SS5H100,Staff Salaries,0,0,0,0,Jul-26
501,N/A,E,SS5H200,Staff Provident Fund,0,0,0,0,Jul-26
501,N/A,E,SS5H201,Gratuity expense (Staff Salaries),0,0,0,0,Jul-26
501,N/A,E,SS5H300,Staff Over time,0,0,0,0,Jul-26
501,N/A,E,SS5H600,Performance payout,0,0,0,0,Jul-26
601,FCDO & BMGF & OSR,E,H101001,Bank Charges,0,0,0,0,Jul-26
601,FCDO & BMGF & OSR,E,H130002,Cross-Currency Rounding Account,0,0,0,0,Jul-26
101,FCDO,E,C103002,MBL-SME Loans-Variable Expenses,0,3247385.59,0,3247385.59,Aug-26
101,FCDO,E,C106002,CIC Transaction cost - Legal D.D & Documentation,0,367755,0,367755,Aug-26
101,FCDO,E,C107002,Strategic Investment - Pre & post investment cost,0,12404130.75,11298000,1106130.75,Aug-26
101,FCDO,E,C107003,Due diligence cost - Pre & post investment cost,0,2498688,8136,2490552,Aug-26
101,FCDO,E,C108002,Credit - Pre & post investment cost,0,2274865,50000,2224865,Aug-26
101,FCDO,E,C109001,CIC - Equity Deals,0,100000,0,100000,Aug-26
101,FCDO,E,C109002,Equity - Pre & post investment cost,0,13954722.22,2312125,11642597.22,Aug-26
101,FCDO,E,C130001,Capacity Building of Partners,0,7548042,500000,7048042,Aug-26
101,FCDO,E,C130004,SEED Technical Assistance                          ,0,1477756.8,0,1477756.8,Aug-26
101,FCDO,E,D105012,Secured Transaction Registry (STR),0,3304932,0,3304932,Aug-26
101,FCDO,E,D105013,SECP Overhead,0,17063320,0,17063320,Aug-26
101,FCDO,E,D107010,LEAP Consultancy,0,256681222.8,21527685.75,235153537,Aug-26
101,FCDO,E,D107011,Company Registry,0,472522425.2,17832313.26,454690111.9,Aug-26
101,FCDO,E,D107021,LEAP PMO,0,24917050,0,24917050,Aug-26
101,FCDO,E,D107022,SOC Implementation,0,74607708.44,0,74607708.44,Aug-26
101,FCDO,E,D107023,XBRL Implementation,0,644495,0,644495,Aug-26
101,FCDO,E,D107025,"W4: Technical Advisory, Industry/Int'l Expert Engagement, Learning/Networking Events",0,136180,0,136180,Aug-26
101,FCDO,E,D107051,"W2: Technical Advisory, Industry/Int'l Expert Engagement, Learning/Networking Events",0,45786.5,0,45786.5,Aug-26
101,FCDO,E,H101001,Bank Charges,0,164681.66,21304.14,143377.52,Aug-26
101,FCDO,E,H103002,Capacity Building,0,5335533.88,1880307.16,3455226.72,Aug-26
101,FCDO,E,H104001,Travel,0,13940138.19,5869134.37,8071003.82,Aug-26
101,FCDO,E,H105001,HR Consultancies & Internships,0,6121275.64,126862.02,5994413.62,Aug-26
101,FCDO,E,H106001,Electricity,0,2840754,0,2840754,Aug-26
101,FCDO,E,H106002,Telephone & Internet,0,1994913.3,471112.4,1523800.9,Aug-26
101,FCDO,E,H106003,Communication reimbursement,0,4952904.99,2368081.07,2584823.92,Aug-26
101,FCDO,E,H106006,Generator Expenses,0,2180250.88,309237,1871013.88,Aug-26
101,FCDO,E,H106007,Fuel reimbursement,0,49758791.5,20964997.95,28793793.55,Aug-26
101,FCDO,E,H107001,Depreciation Expense - Furnitures and Fixtures,0,8298356.93,3022491.57,5275865.36,Aug-26
101,FCDO,E,H107002,Depreciation Expense - Office Equipment,0,1766273.8,893334.09,872939.71,Aug-26
101,FCDO,E,H107004,Depreciation Expense - Computers,0,15899995.38,3610530.29,12289465.09,Aug-26
101,FCDO,E,H107006,Depreciation Expense - Solar Equipment,0,1154280.82,0,1154280.82,Aug-26
101,FCDO,E,H108001,Road Transportation,0,76190.65,21377.2,54813.45,Aug-26
101,FCDO,E,H108002,Vehicle Operations,0,909042,172863.6,736178.4,Aug-26
101,FCDO,E,H108003,Vehicle Maintenance,0,570323.09,21686.5,548636.59,Aug-26
101,FCDO,E,H108004,Vehicle Insurance - Amortization,0,320377.68,230673.68,89704,Aug-26
101,FCDO,E,H110002,Health Insurance - Amortization,0,16102682.18,163010.5,15939671.68,Aug-26
101,FCDO,E,H113001,Exchange Gain,0,0,8852.1,-8852.1,Aug-26
101,FCDO,E,H113002,Exchange Loss,0,33043375,0,33043375,Aug-26
101,FCDO,E,H115001,Meeting & Conferences,0,1013343.46,402968.46,610375,Aug-26
101,FCDO,E,H116001,Kitchen Supplies,0,2056968.6,286522.76,1770445.84,Aug-26
101,FCDO,E,H116002,Cleaning Material,0,1151509.46,228137.35,923372.11,Aug-26
101,FCDO,E,H116003,Postage & Courier,0,397217.05,152160.15,245056.9,Aug-26
101,FCDO,E,H116004,Office Supplies,0,2220005.95,460313.41,1759692.54,Aug-26
101,FCDO,E,H116006,IT Supplies,0,142215.5,0,142215.5,Aug-26
101,FCDO,E,H117001,Office Rent- Islamabad,0,32442946,12192840,20250106,Aug-26
101,FCDO,E,H118001,Amortization - Asset and Vehicles Insurance,0,394212,0,394212,Aug-26
101,FCDO,E,H119001,Boarding & Lodging,0,4422456.49,2190091.7,2232364.79,Aug-26
101,FCDO,E,H119002,BoD-Boarding & Lodging,0,1904643.5,1497388.88,407254.62,Aug-26
101,FCDO,E,H119003,Perdiem,0,2753850.68,1321589.24,1432261.44,Aug-26
101,FCDO,E,H121002,Stationery Printing,0,1667418.41,443160.18,1224258.23,Aug-26
101,FCDO,E,H122001,IT Consultancy,0,3509968.49,1236558.44,2273410.05,Aug-26
101,FCDO,E,H122002,External Audit,0,3992500,0,3992500,Aug-26
101,FCDO,E,H122003,Internal  Audit,0,830943.75,0,830943.75,Aug-26
101,FCDO,E,H122004,Legal Charges,0,4480125,1101750,3378375,Aug-26
101,FCDO,E,H122005,Out of Pocket Ext-Audit,0,1119077.95,341201.9,777876.05,Aug-26
101,FCDO,E,H122007,Tax Consultancy,0,3378263.63,248895.16,3129368.47,Aug-26
101,FCDO,E,H122010,External Audit Fee - Group Audits,0,2713347,0,2713347,Aug-26
101,FCDO,E,H123003,Daily Wages,0,83200,0,83200,Aug-26
101,FCDO,E,H123005,Staff Training,0,6805065.16,1974134.13,4830931.03,Aug-26
101,FCDO,E,H123006,EOBI Expense,0,357901,269521,88380,Aug-26
101,FCDO,E,H123007,Advertisement Expenses,0,103246,51623,51623,Aug-26
101,FCDO,E,H124001,Office Repair & Maintenance,0,2833939.8,45825,2788114.8,Aug-26
101,FCDO,E,H124002,Equipment Repair & Maintenance,0,745739.86,245972.97,499766.89,Aug-26
101,FCDO,E,H125001,Software Annual Support Services,0,5069558.94,425537.28,4644021.66,Aug-26
101,FCDO,E,H126001,Fee & Subscription,0,1120997.11,167601.35,953395.76,Aug-26
101,FCDO,E,H126002,Employee Engagement,0,1085805.39,314020.2,771785.19,Aug-26
101,FCDO,E,H126003,Rewards & Compensation Survey,0,9336395.84,5730390.84,3606005,Aug-26
101,FCDO,E,H128001,Guards & Janitorial Services,0,5929241.88,1251536.18,4677705.7,Aug-26
101,FCDO,E,H128002,Corporate and Social Responsibility,0,2228399.85,51989.6,2176410.25,Aug-26
101,FCDO,E,H129006,Directors & officers liability insurance,0,7956130.51,3691881.02,4264249.49,Aug-26
101,FCDO,E,H129009,JSK Feeds - Management Expense,0,3584767.12,0,3584767.12,Aug-26
101,FCDO,E,H129021,Life Insurance - Amortization,0,1333411.9,6846,1326565.9,Aug-26
101,FCDO,E,H129022,Unwinding of Interest on loan to BF Biosciences,0,0,52621154,-52621154,Aug-26
101,FCDO,E,H129031,LT Gov Framework Exercise/Study,0,10817811.2,235851.2,10581960,Aug-26
101,FCDO,E,H129033,Management fee expense PFSL,0,5754267,0,5754267,Aug-26
101,FCDO,E,H129034,Modification loss / gain on BFBL,0,4871833.45,0,4871833.45,Aug-26
101,FCDO,E,H129035,Modification loss / gain due to change in cashflow on IHV,0,12618315.49,0,12618315.49,Aug-26
101,FCDO,E,H129036,Modification loss on KRN convertible loans,0,7007670.58,0,7007670.58,Aug-26
101,FCDO,E,H130003,Board and Committee Meetings,0,11586090.78,25280,11560810.78,Aug-26
101,FCDO,E,I109001,ICF 6 - GCF (Grant),0,38752334,0,38752334,Aug-26
101,FCDO,E,I109002,ICF 6 - GCF Grant,0,300000,0,300000,Aug-26
101,FCDO,E,I112001,WV: Technical Assistance (BDS),0,1974209,0,1974209,Aug-26
101,FCDO,E,I114001,WV: Capacity Building Funds,0,1685000,300000,1385000,Aug-26
101,FCDO,E,K102006,PR Services,0,5767557.15,226139.78,5541417.37,Aug-26
101,FCDO,E,K102009,Karandaaz Innovation - Advertising & Outreach,0,690000,0,690000,Aug-26
101,FCDO,E,K102011,The Impact of Digital Financial Inclusion on the Economy,0,20682,10341,10341,Aug-26
101,FCDO,E,K102012,Knowledge Partnerships,0,2528430.39,1004018,1524412.39,Aug-26
101,FCDO,E,K102014,Website Maintenance+SEO,0,5620249.99,150734.07,5469515.92,Aug-26
101,FCDO,E,K102015,Digital and Social Media,0,154039.67,0,154039.67,Aug-26
101,FCDO,E,K102016,Marketing Collateral,0,2124029.16,224135.74,1899893.42,Aug-26
101,FCDO,E,K102017,SME/CIC Market Visibility and Outreach,0,3278651.56,1684.8,3276966.76,Aug-26
101,FCDO,E,K102025,ICF Marketing & MEL,0,3472884.5,98671.5,3374213,Aug-26
101,FCDO,E,K102026,"WV - Events, Videos, Briefs",0,2973230.01,0,2973230.01,Aug-26
101,FCDO,E,K102034,"SECP Outreach Activity - STR, LEAP",0,16698,0,16698,Aug-26
101,FCDO,E,K103002,W2 - Data Portal (FCDO),0,1341724.14,0.2,1341723.94,Aug-26
101,FCDO,E,K103020,Data Portal 2.0 (FCDO),0,12003.6,3.15,12000.45,Aug-26
101,FCDO,E,K103027,Study on Landscape of Women-Led Businesses,0,14582094,0,14582094,Aug-26
101,FCDO,E,K103028,Study on Quality of Jobs Created,0,6173040,0,6173040,Aug-26
101,FCDO,E,K103030,Study on the prevalent tax regime,0,234800,0,234800,Aug-26
101,FCDO,E,K103035,Constant Contact,0,201763.5,0,201763.5,Aug-26
101,FCDO,E,K103036,Graphic Design Services,0,1517700,236200,1281500,Aug-26
101,FCDO,E,K103041,Study on Healthcare Service Delivery in Pakistan (New),0,11293142,2145967,9147175,Aug-26
101,FCDO,E,K103044,"DFS Outreach (videos, publications, photo collections)",0,6780,0,6780,Aug-26
101,FCDO,E,K103045,SEED - Legal and Professional Charges,0,138000,0,138000,Aug-26
101,FCDO,E,K103046,Zoom Webinar,0,58572.25,0,58572.25,Aug-26
101,FCDO,E,K103047,SEO for Website,0,75000,0,75000,Aug-26
101,FCDO,E,K103050,KRN Small Development Initiatives,0,1984906,0,1984906,Aug-26
101,FCDO,E,K103051,Corporate Governance in SMEs,0,7225499.87,0,7225499.87,Aug-26
101,FCDO,E,K103052,"Engagement with Influencer Platforms/Podcasts (Pakistonomy, Tabadlab, etc.)",0,382453.82,51140.7,331313.12,Aug-26
101,FCDO,E,K103056,Green Investment Instruments (e.g. Green Carbon Markets),0,5614261.83,880494.02,4733767.81,Aug-26
101,FCDO,E,M102001,Third Party Monitoring of Karandaaz Projects,0,48966323.81,10435568.15,38530755.66,Aug-26
101,FCDO,E,M104008,CIC Assessment,0,13729420.4,2730000.4,10999420,Aug-26
101,FCDO,E,M104010,MEL functional Assessments (FCDO),0,5200000,0,5200000,Aug-26
101,FCDO,E,M104011,ESG Compliance Assessment,0,1860000,0,1860000,Aug-26
101,FCDO,E,M104012,Assessment of STR (SECP) - DFS,0,10677245.36,2566153.95,8111091.41,Aug-26
101,FCDO,E,M111001,KRN Green Portfolio,0,7370020,0,7370020,Aug-26
101,FCDO,E,SS5H100,Staff Salaries,0,334719163.7,5617362.82,329101800.9,Aug-26
101,FCDO,E,SS5H200,Staff Provident Fund,0,24714846.38,368241.67,24346604.71,Aug-26
101,FCDO,E,SS5H201,Gratuity expense (Staff Salaries),0,403635.65,0,403635.65,Aug-26
101,FCDO,E,SS5H300,Staff Over time,0,1594561.26,0,1594561.26,Aug-26
101,FCDO,E,SS5H400,Staff Car Monetization,0,706000,0,706000,Aug-26
101,FCDO,E,SS5H500,Staff Child care assistance,0,0,0,0,Aug-26
101,FCDO,E,SS5H600,Performance payout,0,7989246.64,1887257.67,6101988.97,Aug-26
101,FCDO,E,SS5H700,Staff Arrears,0,0,0,0,Aug-26
101,FCDO,E,SS5H800,Other Deductions,0,0,0,0,Aug-26
101,FCDO,E,SS5H900,Other Reimbursement Expenses,0,240196,0,240196,Aug-26
201,BMGF,E,D103004,DFS - Digital Financial Inclusion for Women,0,19294841.96,1020353.04,18274488.92,Aug-26
201,BMGF,E,D103011,Digital Experiment 4,0,8991344,60468,8930876,Aug-26
201,BMGF,E,D103014,Community of Fintechs,0,14539121.49,5808662.6,8730458.89,Aug-26
201,BMGF,E,D103015,UI/UX based support for market players,0,2406877.01,712900,1693977.01,Aug-26
201,BMGF,E,D103016,Fintech Disrupt Challenge,0,36258926.05,381104.9,35877821.15,Aug-26
201,BMGF,E,D103018,Digital Experiment 3,0,3850000,15153,3834847,Aug-26
201,BMGF,E,D103020,FIWC - 2,0,8381000,5881000,2500000,Aug-26
201,BMGF,E,D103021,Digital Payments,0,51034055,0,51034055,Aug-26
201,BMGF,E,D103022,Sectoral Projects - Value chain,0,16500000,1500000,15000000,Aug-26
201,BMGF,E,D103025,FIWC - 3,0,47345347.88,3110914.53,44234433.35,Aug-26
201,BMGF,E,D105002,DFS - Innov. & Incb.. - Agri Program Development,0,10419214.22,551729.22,9867485,Aug-26
201,BMGF,E,D105011,BISP Financial Literacy,0,24169199.41,5.4,24169194.01,Aug-26
201,BMGF,E,D105015,Pilot to scale,0,4096276,0,4096276,Aug-26
201,BMGF,E,D106008,"W3: Technical Advisory, Industry/International Expert Engagement, Learning/Networking Events",0,2262550.75,9163,2253387.75,Aug-26
201,BMGF,E,D107002,MPG - Infrastructure,0,385301978.9,1231099.64,384070879.2,Aug-26
201,BMGF,E,D107003,MPG - Consultant (Mckinsey),0,201006999.7,42083879.13,158923120.5,Aug-26
201,BMGF,E,D107005,Pilot MPG Linked Projects,0,24629420,42594,24586826,Aug-26
201,BMGF,E,D107006,MPG - Mosc Expenses,0,20003184.81,7500877.63,12502307.18,Aug-26
201,BMGF,E,D107007,MPG Operations,0,40016663.23,8413173.41,31603489.82,Aug-26
201,BMGF,E,D107009,Engagement with Fintech Practitioners,0,828792.5,78817.5,749975,Aug-26
201,BMGF,E,D107012,Ecommerce,0,8502798,0,8502798,Aug-26
201,BMGF,E,D107013,CDNS Phase-2 Development,0,9079420,0,9079420,Aug-26
201,BMGF,E,D107015,New Accounts Acquisition,0,98163206.21,0,98163206.21,Aug-26
201,BMGF,E,D107016,MOPASS,0,9279552,0,9279552,Aug-26
201,BMGF,E,D107017,RAAST Adoption,0,184992783.7,207625.37,184785158.3,Aug-26
201,BMGF,E,D107018,"W1: Technical Advisory, Industry/Int'l Expert Engagement, Learning/Networking Events",0,88418800.97,0.5,88418800.47,Aug-26
201,BMGF,E,D107020,Pakistan Stack,0,22940696,0,22940696,Aug-26
201,BMGF,E,D107025,"W4: Technical Advisory, Industry/Int'l Expert Engagement, Learning/Networking Events",0,17626129.52,7935.4,17618194.12,Aug-26
201,BMGF,E,D107026,FIWC - 4 (Account or channel specifIc),0,16763503,0,16763503,Aug-26
201,BMGF,E,D107028,E-commerce Value Chain Interventions,0,78922063.48,1115262.3,77806801.18,Aug-26
201,BMGF,E,D107029,Sector Transformation - Agri Value Chain Transformation,0,56151220,123558,56027662,Aug-26
201,BMGF,E,D107030,Adoption Projects,0,246258333.1,333586,245924747.1,Aug-26
201,BMGF,E,D107034,Channel Development (Agents/Digital Onboarding),0,18438076,3540005,14898071,Aug-26
201,BMGF,E,D107037,FBR - Digital Invoicing Initiative (Landscape Assessment),0,1142560128,21227637.38,1121332490,Aug-26
201,BMGF,E,D107038,DFA-C,0,47000000,0,47000000,Aug-26
201,BMGF,E,D107039,RAAST S&M,0,568444479.5,808898.2,567635581.3,Aug-26
201,BMGF,E,D107043,RAAST Implementation Phase,0,633141235.3,1115280,632025955.3,Aug-26
201,BMGF,E,D107044,Buna-RAAST Connectivity,0,578985606.8,1503883.75,577481723,Aug-26
201,BMGF,E,D107046,RAAST Governance,0,10989627,0,10989627,Aug-26
201,BMGF,E,D107047,FIWC - 5 (Launch),0,230198,0,230198,Aug-26
201,BMGF,E,D107048,New Project - Innovation Challenge Round,0,836294.32,0,836294.32,Aug-26
201,BMGF,E,D107049,Cashless Ecosystem,0,41334000,12672000,28662000,Aug-26
201,BMGF,E,D107051,"W2: Technical Advisory, Industry/Int'l Expert Engagement, Learning/Networking Events",0,89339.92,0,89339.92,Aug-26
201,BMGF,E,D107052,FBR - Digitization for Tax System (Stage 2: Project & Change Management ),0,380745969,0,380745969,Aug-26
201,BMGF,E,D107053,FBR - Digitalization for Tax System: Individual Consultant,0,36382500,0,36382500,Aug-26
201,BMGF,E,D107054,BISP - BISP and RAAST integration,0,452812.5,0,452812.5,Aug-26
201,BMGF,E,D107055,Raast-BUNA: Implementation,0,486039435.6,532106.1,485507329.5,Aug-26
201,BMGF,E,D107059,FBR Digitization for Tax System (Stage 3: McKinsey PMO),0,100984926,0,100984926,Aug-26
201,BMGF,E,D108001,Technical assistance for social protection program,0,11976736,0,11976736,Aug-26
201,BMGF,E,D108002,CCT Program to eradicate Polio,0,76426824,14689990,61736834,Aug-26
201,BMGF,E,D108003,Termination Cost - Grant Audit,0,216000,0,216000,Aug-26
201,BMGF,E,D108005,Mainstreaming,0,393258.43,0,393258.43,Aug-26
201,BMGF,E,D108006,Disruption and Experimentation: Innovative Solutions for Women's Inclusion,0,44144626.59,255408,43889218.59,Aug-26
201,BMGF,E,D108008,"W5: Technical Advisory, Industry/International Expert Engagement, Learning/Networking Events",0,7413369.88,74395,7338974.88,Aug-26
201,BMGF,E,H101001,Bank Charges,0,971489.57,276,971213.57,Aug-26
201,BMGF,E,H103002,Capacity Building,0,37912002.62,19675367.41,18236635.21,Aug-26
201,BMGF,E,H104001,Travel,0,25585259.55,12907865.11,12677394.44,Aug-26
201,BMGF,E,H104002,BoD-Travel,0,157375.95,46350,111025.95,Aug-26
201,BMGF,E,H104003,International Travel,0,41412,37912,3500,Aug-26
201,BMGF,E,H105001,HR Consultancies & Internships,0,11295926.56,1244992.48,10050934.08,Aug-26
201,BMGF,E,H106001,Electricity,0,3997524,26458,3971066,Aug-26
201,BMGF,E,H106002,Telephone & Internet,0,2329885.55,278483.6,2051401.95,Aug-26
201,BMGF,E,H106003,Communication reimbursement,0,8692489.92,1639598.27,7052891.65,Aug-26
201,BMGF,E,H106006,Generator Expenses,0,3052564.78,299415.1,2753149.68,Aug-26
201,BMGF,E,H106007,Fuel reimbursement,0,73261528.58,14411981.91,58849546.67,Aug-26
201,BMGF,E,H107001,Depreciation Expense - Furnitures and Fixtures,0,125892,0,125892,Aug-26
201,BMGF,E,H107002,Depreciation Expense - Office Equipment,0,29996.8,0,29996.8,Aug-26
201,BMGF,E,H107004,Depreciation Expense - Computers,0,585404.25,438637.83,146766.42,Aug-26
201,BMGF,E,H108001,Road Transportation,0,66324.25,11510.8,54813.45,Aug-26
201,BMGF,E,H108002,Vehicle Operations,0,2858026.25,93564.8,2764461.45,Aug-26
201,BMGF,E,H108003,Vehicle Maintenance,0,993409.65,22023.5,971386.15,Aug-26
201,BMGF,E,H108004,Vehicle Insurance - Amortization,0,1100270.35,890465.77,209804.58,Aug-26
201,BMGF,E,H109001,Directors - Trainings & Workshops,0,60000,0,60000,Aug-26
201,BMGF,E,H110002,Health Insurance - Amortization,0,43371167.3,3033402.28,40337765.02,Aug-26
201,BMGF,E,H111001,BMGF Grant,0,5200104,5200104,0,Aug-26
201,BMGF,E,H113001,Exchange Gain,0,0,392613.66,-392613.66,Aug-26
201,BMGF,E,H113002,Exchange Loss,0,121431530,346092.17,121085437.9,Aug-26
201,BMGF,E,H115001,Meeting & Conferences,0,4479296.11,536812.54,3942483.57,Aug-26
201,BMGF,E,H116001,Kitchen Supplies,0,4467994.93,192694.43,4275300.5,Aug-26
201,BMGF,E,H116002,Cleaning Material,0,785514.6,136424.7,649089.9,Aug-26
201,BMGF,E,H116003,Postage & Courier,0,394872.41,90390.31,304482.1,Aug-26
201,BMGF,E,H116004,Office Supplies,0,2365749.19,269406.61,2096342.58,Aug-26
201,BMGF,E,H116006,IT Supplies,0,381356.88,11490.26,369866.62,Aug-26
201,BMGF,E,H116007,IT - Repair and Maintenance,0,319142.81,57333.07,261809.74,Aug-26
201,BMGF,E,H116008,Printer Monthly Rental and Usage,0,260015,1,260014,Aug-26
201,BMGF,E,H117001,Office Rent- Islamabad,0,45712466.8,3517910,42194556.8,Aug-26
201,BMGF,E,H118001,Amortization - Asset and Vehicles Insurance,0,681359.89,19069.13,662290.76,Aug-26
201,BMGF,E,H119001,Boarding & Lodging,0,16134632.69,5426773.2,10707859.49,Aug-26
201,BMGF,E,H119002,BoD-Boarding & Lodging,0,10855764.59,806286.41,10049478.18,Aug-26
201,BMGF,E,H119003,Perdiem,0,6087247.02,2072699.16,4014547.86,Aug-26
201,BMGF,E,H121001,Office Stationery,0,49656.95,0,49656.95,Aug-26
201,BMGF,E,H121002,Stationery Printing,0,1534516.96,455854.07,1078662.89,Aug-26
201,BMGF,E,H122001,IT Consultancy,0,3177481.93,813676.56,2363805.37,Aug-26
201,BMGF,E,H122002,External Audit,0,4241912.5,0,4241912.5,Aug-26
201,BMGF,E,H122003,Internal  Audit,0,447431.25,0,447431.25,Aug-26
201,BMGF,E,H122004,Legal Charges,0,5195257.77,1391167.11,3804090.66,Aug-26
201,BMGF,E,H122005,Out of Pocket Ext-Audit,0,839098.61,183724.1,655374.51,Aug-26
201,BMGF,E,H122007,Tax Consultancy,0,7678374.89,684556.43,6993818.46,Aug-26
201,BMGF,E,H122010,External Audit Fee - Group Audits,0,6802105.5,0,6802105.5,Aug-26
201,BMGF,E,H123003,Daily Wages,0,175800,0,175800,Aug-26
201,BMGF,E,H123005,Staff Training,0,14332819.94,2030662.81,12302157.13,Aug-26
201,BMGF,E,H123006,EOBI Expense,0,1812684,311874,1500810,Aug-26
201,BMGF,E,H123007,Advertisement Expenses,0,55594,27797,27797,Aug-26
201,BMGF,E,H124001,Office Repair & Maintenance,0,5077732.65,777493.2,4300239.45,Aug-26
201,BMGF,E,H124002,Equipment Repair & Maintenance,0,809351.86,352796.48,456555.38,Aug-26
201,BMGF,E,H125001,Software Annual Support Services,0,7095785.94,248819.64,6846966.3,Aug-26
201,BMGF,E,H125002,Annual License fee - Amortization,0,34724.85,46292.35,-11567.5,Aug-26
201,BMGF,E,H125003,ERP support and maintenance cost,0,1786000,0,1786000,Aug-26
201,BMGF,E,H126001,Fee & Subscription,0,996719.83,9477.65,987242.18,Aug-26
201,BMGF,E,H126002,Employee Engagement,0,3049114.68,576094.6,2473020.08,Aug-26
201,BMGF,E,H126003,Rewards & Compensation Survey,0,3580415.28,1638720.28,1941695,Aug-26
201,BMGF,E,H126004,Corporate Social Responsibility,0,25000,25000,0,Aug-26
201,BMGF,E,H126005,SPOT recognition,0,1235298.3,32000,1203298.3,Aug-26
201,BMGF,E,H128001,Guards & Janitorial Services,0,7480949.79,1192348.87,6288600.92,Aug-26
201,BMGF,E,H128002,Corporate and Social Responsibility,0,8265183.09,1092317.38,7172865.71,Aug-26
201,BMGF,E,H129006,Directors & officers liability insurance,0,8145943.64,4140908.19,4005035.45,Aug-26
201,BMGF,E,H129021,Life Insurance - Amortization,0,2993730.85,119458,2874272.85,Aug-26
201,BMGF,E,H129031,LT Gov Framework Exercise/Study,0,10817811.2,235851.2,10581960,Aug-26
201,BMGF,E,H130002,Cross-Currency Rounding Account,0,1.38,0.59,0.79,Aug-26
201,BMGF,E,H130003,Board and Committee Meetings,0,23399773.6,940333,22459440.6,Aug-26
201,BMGF,E,H13003D,Dummy account as of June-22,0,132255145.3,132255145.3,0,Aug-26
201,BMGF,E,I109003,ICF-7,0,100000,0,100000,Aug-26
201,BMGF,E,K102001,KFIS 2026,0,18610000.8,0,18610000.8,Aug-26
201,BMGF,E,K102002,Landscape Study of Digital Lending for Small and Medium-Sized Merchants in Urban Pakistan,0,9152500,2100000,7052500,Aug-26
201,BMGF,E,K102003,Alternate Revenue Models for National Payment System,0,20135925,0,20135925,Aug-26
201,BMGF,E,K102004,Collateral Regime required to optimize EWRF in Pakistan,0,12679440,0,12679440,Aug-26
201,BMGF,E,K102006,PR Services,0,9994761.28,1400730.39,8594030.89,Aug-26
201,BMGF,E,K102008,Product-Oriented Research on Select Agri Value Chains,0,1539544,0,1539544,Aug-26
201,BMGF,E,K102014,Website Maintenance+SEO,0,7174397.73,150734.05,7023663.68,Aug-26
201,BMGF,E,K102015,Digital and Social Media,0,1392891.84,123854.5,1269037.34,Aug-26
201,BMGF,E,K102016,Marketing Collateral,0,4798429.62,207082.37,4591347.25,Aug-26
201,BMGF,E,K102017,SME/CIC Market Visibility and Outreach,0,31697.75,0,31697.75,Aug-26
201,BMGF,E,K102018,FII Survey Wave VI,0,18000,0,18000,Aug-26
201,BMGF,E,K102028,CDNS ATM Card Launch,0,14867229,0,14867229,Aug-26
201,BMGF,E,K102036,Production equipment,0,620385,0,620385,Aug-26
201,BMGF,E,K103001,W2 - Data Portal (BMGF),0,2259690.15,477699.89,1781990.26,Aug-26
201,BMGF,E,K103010,Regulatory Researches and Policy Notes,0,1639500,0,1639500,Aug-26
201,BMGF,E,K103021,Data Portal 2.0 (BMGF),0,14850603.5,1135173.15,13715430.35,Aug-26
201,BMGF,E,K103023,Market Assessment - Geographical Eco System,0,8772000,1972000,6800000,Aug-26
201,BMGF,E,K103025,FII Survey Wave VII,0,4390816.65,0,4390816.65,Aug-26
201,BMGF,E,K103033,Regulatory Framework for Digital Assets,0,24477349.49,12789921.49,11687428,Aug-26
201,BMGF,E,K103035,Constant Contact,0,561637.79,0,561637.79,Aug-26
201,BMGF,E,K103036,Graphic Design Services,0,1410200,128700,1281500,Aug-26
201,BMGF,E,K103039,FII Survey Wave VII (in-Field Data Collection - Feb/Mar 2022),0,21780355.92,6113759,15666596.92,Aug-26
201,BMGF,E,K103043,Digital Pakistan Conference and Workships/Events/Industry Consultations/Round Tables,0,17386181.79,5738858.27,11647323.52,Aug-26
201,BMGF,E,K103044,"DFS Outreach (videos, publications, photo collections)",0,15176649.94,167537.08,15009112.86,Aug-26
201,BMGF,E,K103046,Zoom Webinar,0,58572.25,0,58572.25,Aug-26
201,BMGF,E,K103047,SEO for Website,0,75000,0,75000,Aug-26
201,BMGF,E,K103052,"Engagement with Influencer Platforms/Podcasts (Pakistonomy, Tabadlab, etc.)",0,2820609.49,99526.99,2721082.5,Aug-26
201,BMGF,E,K103053,SBP Campaign - Digital Fraud,0,35566225.58,190717.75,35375507.83,Aug-26
201,BMGF,E,K103058,KFIS 2024,0,36818533.25,109416.6,36709116.65,Aug-26
201,BMGF,E,K103059,Digital Fraud,0,17209163.96,230260.9,16978903.06,Aug-26
201,BMGF,E,K103061,Improving DFS Adoption Among Women,0,15260000,0,15260000,Aug-26
201,BMGF,E,K103062,"Editing and Printing of Internal Notes (e.g. Budget, Import Substitution of Agri Commodities, Digitization of Argi Cooperatives)",0,161450,0,161450,Aug-26
201,BMGF,E,K103064,"Research Partnerships (e.g. Collboration wtih Research Experts, Decodis)",0,20534825.9,639827.45,19894998.45,Aug-26
201,BMGF,E,K103065,Knowledge Partnerships BMGF (FAW),0,10447428.07,0,10447428.07,Aug-26
201,BMGF,E,K103066,Corporate Governance in SMEs (on-going),0,7225500,0,7225500,Aug-26
201,BMGF,E,K103068,Payment Digitization Index,0,3579420,0,3579420,Aug-26
201,BMGF,E,K103070,Feasibility Study for an E-invoicing platform in Pakistan,0,18118303.97,356739.67,17761564.3,Aug-26
201,BMGF,E,K103072,RAAST Awareness Campaign,0,28143906.8,383381.4,27760525.4,Aug-26
201,BMGF,E,M102001,Third Party Monitoring of Karandaaz Projects,0,4889635.86,238514.76,4651121.1,Aug-26
201,BMGF,E,M103001,Assessment of SCF market adoption,0,12995000,0,12995000,Aug-26
201,BMGF,E,M103003,Mid-cycle assessmentof Raast merchant onboarding,0,7268495,0,7268495,Aug-26
201,BMGF,E,M104004,GrowTech Assessment,0,26229779.24,12.64,26229766.6,Aug-26
201,BMGF,E,M112001,Assessment of Incentive Scheme Projects,0,9999253,1.5,9999251.5,Aug-26
201,BMGF,E,M113001,"CDNS - Assessment of Digitization Impact (Total Budgeted PKR 20.0M, spread over 2 years)",0,28649277,9490375,19158902,Aug-26
201,BMGF,E,M116001,Assessment of DFS Gender Portfolio,0,7508597,0,7508597,Aug-26
201,BMGF,E,SS5H100,Staff Salaries,0,1038572275,136139054.4,902433220.8,Aug-26
201,BMGF,E,SS5H200,Staff Provident Fund,0,84702997.12,12024754.97,72678242.15,Aug-26
201,BMGF,E,SS5H201,Gratuity expense (Staff Salaries),0,14849297.43,0,14849297.43,Aug-26
201,BMGF,E,SS5H300,Staff Over time,0,2796960.47,340833.7,2456126.77,Aug-26
201,BMGF,E,SS5H400,Staff Car Monetization,0,5510062,0,5510062,Aug-26
201,BMGF,E,SS5H500,Staff Child care assistance,0,272000,0,272000,Aug-26
201,BMGF,E,SS5H600,Performance payout,0,146830174.4,25260008.77,121570165.6,Aug-26
201,BMGF,E,SS5H700,Staff Arrears,0,-37793,0,-37793,Aug-26
201,BMGF,E,SS5H800,Other Deductions,0,231750,0,231750,Aug-26
201,BMGF,E,SS5H900,Other Reimbursement Expenses,0,2879455,0,2879455,Aug-26
201,BMGF,E,h106008,Wellness Allowance (Grade 7-10),0,41050,0,41050,Aug-26
301,FCDO & BMGF,E,H104001,Travel,0,287952,5000,282952,Aug-26
301,FCDO & BMGF,E,H106002,Telephone & Internet,0,46380,0,46380,Aug-26
301,FCDO & BMGF,E,H106003,Communication reimbursement,0,16251.3,5299,10952.3,Aug-26
301,FCDO & BMGF,E,H115001,Meeting & Conferences,0,16671.5,0,16671.5,Aug-26
301,FCDO & BMGF,E,H116001,Kitchen Supplies,0,106984,0,106984,Aug-26
301,FCDO & BMGF,E,H116002,Cleaning Material,0,84334,0,84334,Aug-26
301,FCDO & BMGF,E,H116003,Postage & Courier,0,9579,0,9579,Aug-26
301,FCDO & BMGF,E,H116004,Office Supplies,0,2,0,2,Aug-26
301,FCDO & BMGF,E,H119003,Perdiem,0,12400,10400,2000,Aug-26
301,FCDO & BMGF,E,H121001,Office Stationery,0,34947,0,34947,Aug-26
301,FCDO & BMGF,E,H121002,Stationery Printing,0,45751,0,45751,Aug-26
301,FCDO & BMGF,E,H122004,Legal Charges,0,230000,0,230000,Aug-26
301,FCDO & BMGF,E,H128001,Guards & Janitorial Services,0,73968,9286,64682,Aug-26
301,FCDO & BMGF,E,H13003D,Dummy account as of June-22,0,70000,70000,0,Aug-26
401,OSR,E,C103002,MBL-SME Loans-Variable Expenses,0,6861836.29,0,6861836.29,Aug-26
401,OSR,E,C103005,MIB-SME Loans-Variable Expenses,0,218404,14187.68,204216.32,Aug-26
401,OSR,E,C103006,JSBL-SME Loans-Variable Expenses,0,17361.99,0,17361.99,Aug-26
401,OSR,E,C103008,Soneri-SME Loans-Variable Expenses,0,5962400,2832552,3129848,Aug-26
401,OSR,E,C108002,Credit - Pre & post investment cost,0,4393649.5,0,4393649.5,Aug-26
401,OSR,E,C109002,Equity - Pre & post investment cost,0,2354440,0,2354440,Aug-26
401,OSR,E,C110002,GREEN - Pre & post investment cost,0,1850666,0,1850666,Aug-26
401,OSR,E,H101001,Bank Charges,0,1018707.2,217779.32,800927.88,Aug-26
401,OSR,E,H103002,Capacity Building,0,33854474.07,18744535.97,15109938.1,Aug-26
401,OSR,E,H104001,Travel,0,8315612.49,2043294.5,6272317.99,Aug-26
401,OSR,E,H104002,BoD-Travel,0,126605.25,46350,80255.25,Aug-26
401,OSR,E,H104003,International Travel,0,171704,0,171704,Aug-26
401,OSR,E,H105001,HR Consultancies & Internships,0,6878067.44,1527678.64,5350388.8,Aug-26
401,OSR,E,H106001,Electricity,0,3320596,25827,3294769,Aug-26
401,OSR,E,H106002,Telephone & Internet,0,1765042.15,113951,1651091.15,Aug-26
401,OSR,E,H106003,Communication reimbursement,0,4712059.37,8625,4703434.37,Aug-26
401,OSR,E,H106006,Generator Expenses,0,2626454.84,155325.9,2471128.94,Aug-26
401,OSR,E,H106007,Fuel reimbursement,0,50461548.9,1935007.33,48526541.57,Aug-26
401,OSR,E,H107001,Depreciation Expense - Furnitures and Fixtures,0,79848.14,0,79848.14,Aug-26
401,OSR,E,H107002,Depreciation Expense - Office Equipment,0,388336.54,0,388336.54,Aug-26
401,OSR,E,H107004,Depreciation Expense - Computers,0,3073384.68,0,3073384.68,Aug-26
401,OSR,E,H107005,Depreciation Expense - ROUA,0,33392180,0,33392180,Aug-26
401,OSR,E,H108001,Road Transportation,0,22093,0,22093,Aug-26
401,OSR,E,H108002,Vehicle Operations,0,3983788.32,899.6,3982888.72,Aug-26
401,OSR,E,H108003,Vehicle Maintenance,0,724679.75,8500,716179.75,Aug-26
401,OSR,E,H108004,Vehicle Insurance - Amortization,0,191362.64,0,191362.64,Aug-26
401,OSR,E,H109001,Directors - Trainings & Workshops,0,423711,0,423711,Aug-26
401,OSR,E,H110002,Health Insurance - Amortization,0,34983611.78,3266315.41,31717296.37,Aug-26
401,OSR,E,H113001,Exchange Gain,0,0,6517,-6517,Aug-26
401,OSR,E,H113002,Exchange Loss,0,30474.76,9594.76,20880,Aug-26
401,OSR,E,H115001,Meeting & Conferences,0,2309464.31,2557,2306907.31,Aug-26
401,OSR,E,H116001,Kitchen Supplies,0,4141536.12,27340.16,4114195.96,Aug-26
401,OSR,E,H116002,Cleaning Material,0,197060.1,0,197060.1,Aug-26
401,OSR,E,H116003,Postage & Courier,0,245409.85,13112.65,232297.2,Aug-26
401,OSR,E,H116004,Office Supplies,0,1378017.24,0,1378017.24,Aug-26
401,OSR,E,H116006,IT Supplies,0,375226.28,29816.19,345410.09,Aug-26
401,OSR,E,H116007,IT - Repair and Maintenance,0,338832.25,58627.8,280204.45,Aug-26
401,OSR,E,H116008,Printer Monthly Rental and Usage,0,652595.28,0,652595.28,Aug-26
401,OSR,E,H117001,Office Rent- Islamabad,0,39792402,35972750,3819652,Aug-26
401,OSR,E,H118001,Amortization - Asset and Vehicles Insurance,0,624139.49,19069.13,605070.36,Aug-26
401,OSR,E,H119001,Boarding & Lodging,0,10642093.09,817900,9824193.09,Aug-26
401,OSR,E,H119002,BoD-Boarding & Lodging,0,1629373.95,0,1629373.95,Aug-26
401,OSR,E,H119003,Perdiem,0,3411758.5,8000,3403758.5,Aug-26
401,OSR,E,H121001,Office Stationery,0,82071.05,0,82071.05,Aug-26
401,OSR,E,H121002,Stationery Printing,0,875363.57,335211.17,540152.4,Aug-26
401,OSR,E,H122001,IT Consultancy,0,1189606.57,0,1189606.57,Aug-26
401,OSR,E,H122002,External Audit,0,4241912.5,0,4241912.5,Aug-26
401,OSR,E,H122004,Legal Charges,0,2358669.05,478237.91,1880431.14,Aug-26
401,OSR,E,H122005,Out of Pocket Ext-Audit,0,779815.85,0,779815.85,Aug-26
401,OSR,E,H122007,Tax Consultancy,0,3649266.25,564937.5,3084328.75,Aug-26
401,OSR,E,H122010,External Audit Fee - Group Audits,0,5341072.5,0,5341072.5,Aug-26
401,OSR,E,H123003,Daily Wages,0,155000,0,155000,Aug-26
401,OSR,E,H123005,Staff Training,0,6059594.96,1422652.39,4636942.57,Aug-26
401,OSR,E,H123006,EOBI Expense,0,1020273,65823,954450,Aug-26
401,OSR,E,H124001,Office Repair & Maintenance,0,2604236.15,750000,1854236.15,Aug-26
401,OSR,E,H124002,Equipment Repair & Maintenance,0,500176.9,220609,279567.9,Aug-26
401,OSR,E,H125001,Software Annual Support Services,0,5216666.35,13737.83,5202928.52,Aug-26
401,OSR,E,H125002,Annual License fee - Amortization,0,64489.01,85972.65,-21483.64,Aug-26
401,OSR,E,H125003,ERP support and maintenance cost,0,1786000,0,1786000,Aug-26
401,OSR,E,H126001,Fee & Subscription,0,531220.57,0,531220.57,Aug-26
401,OSR,E,H126002,Employee Engagement,0,2881241.22,421525,2459716.22,Aug-26
401,OSR,E,H126004,Corporate Social Responsibility,0,25000,25000,0,Aug-26
401,OSR,E,H126005,SPOT recognition,0,977839.7,48000,929839.7,Aug-26
401,OSR,E,H128001,Guards & Janitorial Services,0,5834666.13,577428.5,5257237.63,Aug-26
401,OSR,E,H128002,Corporate and Social Responsibility,0,6087394.48,164322.98,5923071.5,Aug-26
401,OSR,E,H129006,Directors & officers liability insurance,0,3731885.76,0,3731885.76,Aug-26
401,OSR,E,H129008,Other Expense,0,0,500,-500,Aug-26
401,OSR,E,H129009,JSK Feeds - Management Expense,0,1983600,0,1983600,Aug-26
401,OSR,E,H129018,Finance Cost on Lease Liability,0,7806833,0,7806833,Aug-26
401,OSR,E,H129021,Life Insurance - Amortization,0,2243000.54,67660,2175340.54,Aug-26
401,OSR,E,H129033,Management fee expense PFSL,0,31973161.38,11683407.15,20289754.23,Aug-26
401,OSR,E,H129036,Modification loss on KRN convertible loans,0,1883799,0,1883799,Aug-26
401,OSR,E,H129037,Brokerage fee and Ancillary charges,0,25407576.69,24202506.78,1205069.91,Aug-26
401,OSR,E,H130002,Cross-Currency Rounding Account,0,0,0.65,-0.65,Aug-26
401,OSR,E,H130003,Board and Committee Meetings,0,16542100,628233,15913867,Aug-26
401,OSR,E,H13003D,Dummy account as of June-22,0,129592380,2676792,126915588,Aug-26
401,OSR,E,I107004,Recovery agent fee for KRN WV parties,0,494375,0,494375,Aug-26
401,OSR,E,I109004,Ancillary Cost / Portfolio through PFSL,0,20325486.22,7277239.65,13048246.57,Aug-26
401,OSR,E,I112001,WV: Technical Assistance (BDS),0,965294,47152,918142,Aug-26
401,OSR,E,I114001,WV: Capacity Building Funds,0,50000,0,50000,Aug-26
401,OSR,E,K102005,Green Economy- Developing Case Studies,0,3420000,0,3420000,Aug-26
401,OSR,E,K102006,PR Services,0,4245521.8,1292907.9,2952613.9,Aug-26
401,OSR,E,K102008,Product-Oriented Research on Select Agri Value Chains,0,2481970.74,260000,2221970.74,Aug-26
401,OSR,E,K102014,Website Maintenance+SEO,0,1554147.77,0,1554147.77,Aug-26
401,OSR,E,K102015,Digital and Social Media,0,1238850.08,123854.5,1114995.58,Aug-26
401,OSR,E,K102016,Marketing Collateral,0,2781326.97,6074.83,2775252.14,Aug-26
401,OSR,E,K102017,SME/CIC Market Visibility and Outreach,0,5041426.25,131190,4910236.25,Aug-26
401,OSR,E,K102020,"WV - Events, Videos, Briefs, etc. - on-going",0,558965.03,0.4,558964.63,Aug-26
401,OSR,E,K102025,ICF Marketing & MEL,0,7138212.81,211600.4,6926612.41,Aug-26
401,OSR,E,K102026,"WV - Events, Videos, Briefs",0,6354587,533755.5,5820831.5,Aug-26
401,OSR,E,K102036,Production equipment,0,620385,0,620385,Aug-26
401,OSR,E,K103035,Constant Contact,0,359874.29,0,359874.29,Aug-26
401,OSR,E,K103043,Digital Pakistan Conference and Workships/Events/Industry Consultations/Round Tables,0,5000,0,5000,Aug-26
401,OSR,E,K103052,"Engagement with Influencer Platforms/Podcasts (Pakistonomy, Tabadlab, etc.)",0,2438155.61,48386.26,2389769.35,Aug-26
401,OSR,E,K103055,"Feasibilities of Innovative Climate Change Investments Projects (e.g. Biomass, Commercial Forestry)",0,15000005.7,5.7,15000000,Aug-26
401,OSR,E,K103062,"Editing and Printing of Internal Notes (e.g. Budget, Import Substitution of Agri Commodities, Digitization of Argi Cooperatives)",0,5050,0,5050,Aug-26
401,OSR,E,K103069,Identifying WEE inclusive sectors and opportunities for anchor models,0,15332582.69,434006.64,14898576.05,Aug-26
401,OSR,E,K103071,Feasibility Study of Investible Green Projects (new),0,14829250,0,14829250,Aug-26
401,OSR,E,M102001,Third Party Monitoring of Karandaaz Projects,0,13512796.48,2989877.33,10522919.15,Aug-26
401,OSR,E,M104008,CIC Assessment,0,14000001.87,1.15,14000000.72,Aug-26
401,OSR,E,M117001,MEL Tech Stack/ Dashboard (on secure database),0,1730000,0,1730000,Aug-26
401,OSR,E,SS5H100,Staff Salaries,0,610985271.6,23663761.65,587321510,Aug-26
401,OSR,E,SS5H200,Staff Provident Fund,0,49087133.92,1696542,47390591.92,Aug-26
401,OSR,E,SS5H201,Gratuity expense (Staff Salaries),0,9325979.48,0,9325979.48,Aug-26
401,OSR,E,SS5H300,Staff Over time,0,3396110.91,0,3396110.91,Aug-26
401,OSR,E,SS5H400,Staff Car Monetization,0,5766662,0,5766662,Aug-26
401,OSR,E,SS5H500,Staff Child care assistance,0,218000,0,218000,Aug-26
401,OSR,E,SS5H600,Performance payout,0,97810123.48,18748218.36,79061905.12,Aug-26
401,OSR,E,SS5H700,Staff Arrears,0,-32836,0,-32836,Aug-26
401,OSR,E,SS5H800,Other Deductions,0,268250,0,268250,Aug-26
401,OSR,E,SS5H900,Other Reimbursement Expenses,0,2691305,0,2691305,Aug-26
401,OSR,E,h106008,Wellness Allowance (Grade 7-10),0,27750,0,27750,Aug-26
501,N/A,E,C101001,FCDO - Amortization of Deferred Grant,0,16497894,16497894,0,Aug-26
501,N/A,E,C103002,MBL-SME Loans-Variable Expenses,0,5101128,5111208,-10080,Aug-26
501,N/A,E,C103003,BAFL-SME Loans-Variable Expenses,0,14780246,14780246,0,Aug-26
501,N/A,E,C105004,TA to New Partners,0,630000,630000,0,Aug-26
501,N/A,E,C107002,Strategic Investment - Pre & post investment cost,0,5800000,5800000,0,Aug-26
501,N/A,E,C108002,Credit - Pre & post investment cost,0,3300000,3300000,0,Aug-26
501,N/A,E,C109002,Equity - Pre & post investment cost,0,20336711,19741768,594943,Aug-26
501,N/A,E,C130004,SEED Technical Assistance                          ,0,141504,141504,0,Aug-26
501,N/A,E,C130005,CDC Maintenance Charges,0,69808,0,69808,Aug-26
501,N/A,E,D103012,Digital Experiments (5-7),0,16846090,16846090,0,Aug-26
501,N/A,E,D103015,UI/UX based support for market players,0,3908000,3908000,0,Aug-26
501,N/A,E,D103016,Fintech Disrupt Challenge,0,4610000,4610000,0,Aug-26
501,N/A,E,D103020,FIWC - 2,0,22636000,22636000,0,Aug-26
501,N/A,E,D105004,CDNS,0,3125822,3125822,0,Aug-26
501,N/A,E,D105007,Agri Value Chain Payment Digitization,0,12444894,12444894,0,Aug-26
501,N/A,E,D105008,SECP Digital & IT Transformation,0,11301856,11301856,0,Aug-26
501,N/A,E,D106004,BISP- ERP & Payment reconciliation system,0,16037700,16037700,0,Aug-26
501,N/A,E,D107002,MPG - Infrastructure,0,574722,0,574722,Aug-26
501,N/A,E,D107003,MPG - Consultant (Mckinsey),0,30132598,30132598,0,Aug-26
501,N/A,E,D107004,MPG Infrastructure,0,205630270,205630270,0,Aug-26
501,N/A,E,D107005,Pilot MPG Linked Projects,0,1400000,1400000,0,Aug-26
501,N/A,E,D107007,MPG Operations,0,1590000,1590000,0,Aug-26
501,N/A,E,D107009,Engagement with Fintech Practitioners,0,71800,71800,0,Aug-26
501,N/A,E,D107011,Company Registry,0,0,193604,-193604,Aug-26
501,N/A,E,D107043,RAAST Implementation Phase,0,0,37898.66,-37898.66,Aug-26
501,N/A,E,H101001,Bank Charges,0,346537.2,309815.76,36721.44,Aug-26
501,N/A,E,H102001,Amortization of Intangible Assets,0,41855051,0,41855051,Aug-26
501,N/A,E,H103002,Capacity Building,0,4511270,4129970,381300,Aug-26
501,N/A,E,H104001,Travel,0,5087764.75,4545908.67,541856.08,Aug-26
501,N/A,E,H105001,HR Consultancies & Internships,0,3167000,3152000,15000,Aug-26
501,N/A,E,H106001,Electricity,0,4039408,4039408,0,Aug-26
501,N/A,E,H106002,Telephone & Internet,0,1590156,1241729,348427,Aug-26
501,N/A,E,H106003,Communication reimbursement,0,3185321,3185321,0,Aug-26
501,N/A,E,H106006,Generator Expenses,0,410896,120448,290448,Aug-26
501,N/A,E,H106007,Fuel reimbursement,0,28021714,24529811,3491903,Aug-26
501,N/A,E,H107001,Depreciation Expense - Furnitures and Fixtures,0,8203472.62,8178960,24512.62,Aug-26
501,N/A,E,H107002,Depreciation Expense - Office Equipment,0,2858835.72,2287668,571167.72,Aug-26
501,N/A,E,H107003,Depreciation Expense - Vehicles,0,1119213.46,0,1119213.46,Aug-26
501,N/A,E,H107004,Depreciation Expense - Computers,0,6138259.3,6031270,106989.3,Aug-26
501,N/A,E,H107005,Depreciation Expense - ROUA,0,47811944.38,0,47811944.38,Aug-26
501,N/A,E,H108002,Vehicle Operations,0,1232338,1232338,0,Aug-26
501,N/A,E,H108003,Vehicle Maintenance,0,194946,194946,0,Aug-26
501,N/A,E,H110002,Health Insurance - Amortization,0,128845112,129074267,-229155,Aug-26
501,N/A,E,H113001,Exchange Gain,0,153046508.9,241903688.2,-88857179.29,Aug-26
501,N/A,E,H113002,Exchange Loss,0,100624902.5,106794488.5,-6169586.01,Aug-26
501,N/A,E,H114001,Investment / Credit Committee,0,2999998,2999998,0,Aug-26
501,N/A,E,H115001,Meeting & Conferences,0,6155331,6155331,0,Aug-26
501,N/A,E,H116001,Kitchen Supplies,0,1022376,1051375.74,-28999.74,Aug-26
501,N/A,E,H116002,Cleaning Material,0,582192,582192,0,Aug-26
501,N/A,E,H116003,Postage & Courier,0,104936,104936,0,Aug-26
501,N/A,E,H116004,Office Supplies,0,4211061,1562863,2648198,Aug-26
501,N/A,E,H116007,IT - Repair and Maintenance,0,0,42608.32,-42608.32,Aug-26
501,N/A,E,H116008,Printer Monthly Rental and Usage,0,80000,40000,40000,Aug-26
501,N/A,E,H117001,Office Rent- Islamabad,0,32331200,92265968,-59934768,Aug-26
501,N/A,E,H118001,Amortization - Asset and Vehicles Insurance,0,632696,632696,0,Aug-26
501,N/A,E,H119001,Boarding & Lodging,0,1795588,2375088.42,-579500.42,Aug-26
501,N/A,E,H119003,Perdiem,0,156002,272002,-116000,Aug-26
501,N/A,E,H121002,Stationery Printing,0,981698,981698,0,Aug-26
501,N/A,E,H122001,IT Consultancy,0,1768544,1768544,0,Aug-26
501,N/A,E,H122002,External Audit,0,2089065,628032,1461033,Aug-26
501,N/A,E,H122004,Legal Charges,0,3375354,3202854,172500,Aug-26
501,N/A,E,H122005,Out of Pocket Ext-Audit,0,550310,877592,-327282,Aug-26
501,N/A,E,H122006,Out of Pocket Internal-Audit,0,604352,3470,600882,Aug-26
501,N/A,E,H122007,Tax Consultancy,0,3178856,2121356,1057500,Aug-26
501,N/A,E,H122010,External Audit Fee - Group Audits,0,1135600,2481633,-1346033,Aug-26
501,N/A,E,H123003,Daily Wages,0,110000,110000,0,Aug-26
501,N/A,E,H123005,Staff Training,0,11981636,18944339,-6962703,Aug-26
501,N/A,E,H123006,EOBI Expense,0,8886602,5003751,3882851,Aug-26
501,N/A,E,H123007,Advertisement Expenses,0,663340,663340,0,Aug-26
501,N/A,E,H124001,Office Repair & Maintenance,0,409573,409573,0,Aug-26
501,N/A,E,H125001,Software Annual Support Services,0,7701852,5979600,1722252,Aug-26
501,N/A,E,H125002,Annual License fee - Amortization,0,19133903.97,0,19133903.97,Aug-26
501,N/A,E,H126001,Fee & Subscription,0,441234,431234,10000,Aug-26
501,N/A,E,H126002,Employee Engagement,0,216000,885093,-669093,Aug-26
501,N/A,E,H126005,SPOT recognition,0,1065093,0,1065093,Aug-26
501,N/A,E,H127001,Loss on disposal of Fixed Assets,0,25090943.26,25090943.26,0,Aug-26
501,N/A,E,H128001,Guards & Janitorial Services,0,4812033,4453262,358771,Aug-26
501,N/A,E,H128002,Corporate and Social Responsibility,0,1225000,533550,691450,Aug-26
501,N/A,E,H129006,Directors & officers liability insurance,0,2896352,2896352,0,Aug-26
501,N/A,E,H129008,Other Expense,0,185587362,185630956,-43594,Aug-26
501,N/A,E,H129009,JSK Feeds - Management Expense,0,122040,122040,0,Aug-26
501,N/A,E,H129014,Impaiment Loss under IFRS 9,0,554744620,0,554744620,Aug-26
501,N/A,E,H129018,Finance Cost on Lease Liability,0,6693242,178687,6514555,Aug-26
501,N/A,E,H129019,Loss on below market rate loans - PFSL,0,57431135.5,0,57431135.5,Aug-26
501,N/A,E,H129021,Life Insurance - Amortization,0,1180510,1180510,0,Aug-26
501,N/A,E,H129022,Unwinding of Interest on loan to BF Biosciences,0,0,70397062.79,-70397062.79,Aug-26
501,N/A,E,H129024,Unwinding of Interest on loans through PFSL,0,31202.81,238412215.5,-238381012.7,Aug-26
501,N/A,E,H129025,Modification loss on below Market loans - PFSL,0,80861063.23,61501.57,80799561.66,Aug-26
501,N/A,E,H129027,Life Insurance - Expense,0,266290,266290,0,Aug-26
501,N/A,E,H129028,BFBL-SME Loans-Variable Expenses,0,2900000,2900000,0,Aug-26
501,N/A,E,H129029,Nizam- SME Loans- Variable Expenses,0,5763000,5763000,0,Aug-26
501,N/A,E,H129030,WHT on dividend,0,11715974,11715974,0,Aug-26
501,N/A,E,H129033,Management fee expense PFSL,0,4502015,816013,3686002,Aug-26
501,N/A,E,H129034,Modification loss / gain on BFBL,0,3286009.57,0,3286009.57,Aug-26
501,N/A,E,H129035,Modification loss / gain due to change in cashflow on IHV,0,54089591.12,0,54089591.12,Aug-26
501,N/A,E,H129036,Modification loss on KRN convertible loans,0,28777992.95,11001850.56,17776142.39,Aug-26
501,N/A,E,H129037,Brokerage fee and Ancillary charges,0,0,223426.12,-223426.12,Aug-26
501,N/A,E,H129038,Sales tax - Withholding by clients,0,278000,139000,139000,Aug-26
501,N/A,E,H130002,Cross-Currency Rounding Account,0,1572137634,1572135693,1940.77,Aug-26
501,N/A,E,H13003D,Dummy account as of June-22,0,23998160185,25545622198,-1547462013,Aug-26
501,N/A,E,I107003,Women Entrepreneurship Challenge 2020,0,61568000,61568000,0,Aug-26
501,N/A,E,I109001,ICF 6 - GCF (Grant),0,6003160,6003160,0,Aug-26
501,N/A,E,I109004,Ancillary Cost / Portfolio through PFSL,0,2611746,1110350,1501396,Aug-26
501,N/A,E,I111001,WV: Investments,0,1530000,1530000,0,Aug-26
501,N/A,E,I112001,WV: Technical Assistance (BDS),0,3041520,3041520,0,Aug-26
501,N/A,E,I112002,WV 2020: Technical Assistance,0,6711012,6711012,0,Aug-26
501,N/A,E,I114001,WV: Capacity Building Funds,0,600000,600000,0,Aug-26
501,N/A,E,K102003,Alternate Revenue Models for National Payment System,0,3973682,3973682,0,Aug-26
501,N/A,E,K102008,Product-Oriented Research on Select Agri Value Chains,0,270000,270000,0,Aug-26
501,N/A,E,K102009,Karandaaz Innovation - Advertising & Outreach,0,593920,593920,0,Aug-26
501,N/A,E,K102013,Design Agency,0,3168000,3168000,0,Aug-26
501,N/A,E,K102014,Website Maintenance+SEO,0,2614810,2614810,0,Aug-26
501,N/A,E,K102015,Digital and Social Media,0,512364,512364,0,Aug-26
501,N/A,E,K102016,Marketing Collateral,0,147718,147718,0,Aug-26
501,N/A,E,K102017,SME/CIC Market Visibility and Outreach,0,582560,585559.5,-2999.5,Aug-26
501,N/A,E,K102020,"WV - Events, Videos, Briefs, etc. - on-going",0,9566456,9566456,0,Aug-26
501,N/A,E,K102021,Study on Alternate Energy and Energy Efficiency,0,11832000,11832000,0,Aug-26
501,N/A,E,K102023,Comms Consultant,0,800000,800000,0,Aug-26
501,N/A,E,K102025,ICF Marketing & MEL,0,3032690,3032690,0,Aug-26
501,N/A,E,K102028,CDNS ATM Card Launch,0,353808,353808,0,Aug-26
501,N/A,E,K102030,MPG P2P Launch,0,15782516,15782516,0,Aug-26
501,N/A,E,K103003,Data Portal (BMGF),0,484632,484632,0,Aug-26
501,N/A,E,K103004,Data Portal (FCDO),0,484632,484632,0,Aug-26
501,N/A,E,K103018,Study on Landscape - Women Led Businesses,0,11504154,11504154,0,Aug-26
501,N/A,E,K103019,Demand Side Outreach Activity,0,1500000,1500000,0,Aug-26
501,N/A,E,K103020,Data Portal 2.0 (FCDO),0,1793764,1793764,0,Aug-26
501,N/A,E,K103021,Data Portal 2.0 (BMGF),0,1793764,1793764,0,Aug-26
501,N/A,E,K103025,FII Survey Wave VII,0,316800,316800,0,Aug-26
501,N/A,E,K103028,Study on Quality of Jobs Created,0,141504,141504,0,Aug-26
501,N/A,E,K103030,Study on the prevalent tax regime,0,3338944,3338944,0,Aug-26
501,N/A,E,K103033,Regulatory Framework for Digital Assets,0,391392,391392,0,Aug-26
501,N/A,E,K103035,Constant Contact,0,129810,129810,0,Aug-26
501,N/A,E,K103040,Knowledge Partnerships,0,2417382,2417382,0,Aug-26
501,N/A,E,K103043,Digital Pakistan Conference and Workships/Events/Industry Consultations/Round Tables,0,0,2999.75,-2999.75,Aug-26
501,N/A,E,M102001,Third Party Monitoring of Karandaaz Projects,0,9517360,9517360,0,Aug-26
501,N/A,E,M103005,M&E- Formative evaluations and baselines,0,431954,431954,0,Aug-26
501,N/A,E,M104010,MEL functional Assessments (FCDO),0,198000,198000,0,Aug-26
501,N/A,E,M108001,SRQ Toolkit Update,0,6178598,6178598,0,Aug-26
501,N/A,E,SS5H100,Staff Salaries,0,494682738.9,495279465.8,-596726.97,Aug-26
501,N/A,E,SS5H200,Staff Provident Fund,0,37967418,38108240.96,-140822.96,Aug-26
501,N/A,E,SS5H201,Gratuity expense (Staff Salaries),0,13174834,0,13174834,Aug-26
501,N/A,E,SS5H300,Staff Over time,0,815308,815308,0,Aug-26
501,N/A,E,SS5H600,Performance payout,0,30850214,0,30850214,Aug-26
501,N/A,E,h106008,Wellness Allowance (Grade 7-10),0,30965,0,30965,Aug-26
601,FCDO & BMGF & OSR,E,H101001,Bank Charges,0,58619.4,27505,31114.4,Aug-26
601,FCDO & BMGF & OSR,E,H130002,Cross-Currency Rounding Account,0,0.9,3.33,-2.43,Aug-26
101,FCDO,E,C103002,MBL-SME Loans-Variable Expenses,0,0,0,0,Sept-26
101,FCDO,E,C106002,CIC Transaction cost - Legal D.D & Documentation,0,0,0,0,Sept-26
101,FCDO,E,C107002,Strategic Investment - Pre & post investment cost,0,0,0,0,Sept-26
101,FCDO,E,C107003,Due diligence cost - Pre & post investment cost,0,0,0,0,Sept-26
101,FCDO,E,C108002,Credit - Pre & post investment cost,0,0,0,0,Sept-26
101,FCDO,E,C109001,CIC - Equity Deals,0,0,0,0,Sept-26
101,FCDO,E,C109002,Equity - Pre & post investment cost,0,0,0,0,Sept-26
101,FCDO,E,C130001,Capacity Building of Partners,0,0,0,0,Sept-26
101,FCDO,E,C130004,SEED Technical Assistance                          ,0,0,0,0,Sept-26
101,FCDO,E,D105012,Secured Transaction Registry (STR),0,0,0,0,Sept-26
101,FCDO,E,D105013,SECP Overhead,0,0,0,0,Sept-26
101,FCDO,E,D107010,LEAP Consultancy,0,0,0,0,Sept-26
101,FCDO,E,D107011,Company Registry,0,0,0,0,Sept-26
101,FCDO,E,D107021,LEAP PMO,0,0,0,0,Sept-26
101,FCDO,E,D107022,SOC Implementation,0,0,0,0,Sept-26
101,FCDO,E,D107023,XBRL Implementation,0,0,0,0,Sept-26
101,FCDO,E,D107025,"W4: Technical Advisory, Industry/Int'l Expert Engagement, Learning/Networking Events",0,0,0,0,Sept-26
101,FCDO,E,D107051,"W2: Technical Advisory, Industry/Int'l Expert Engagement, Learning/Networking Events",0,0,0,0,Sept-26
101,FCDO,E,H101001,Bank Charges,0,0,0,0,Sept-26
101,FCDO,E,H103002,Capacity Building,50000,0,0,50000,Sept-26
101,FCDO,E,H104001,Travel,0,0,0,0,Sept-26
101,FCDO,E,H105001,HR Consultancies & Internships,0,0,0,0,Sept-26
101,FCDO,E,H106001,Electricity,0,0,0,0,Sept-26
101,FCDO,E,H106002,Telephone & Internet,0,0,0,0,Sept-26
101,FCDO,E,H106003,Communication reimbursement,0,0,0,0,Sept-26
101,FCDO,E,H106006,Generator Expenses,0,0,0,0,Sept-26
101,FCDO,E,H106007,Fuel reimbursement,212763.83,222621.44,0,435385.27,Sept-26
101,FCDO,E,H107001,Depreciation Expense - Furnitures and Fixtures,0,0,0,0,Sept-26
101,FCDO,E,H107002,Depreciation Expense - Office Equipment,0,0,0,0,Sept-26
101,FCDO,E,H107004,Depreciation Expense - Computers,0,0,0,0,Sept-26
101,FCDO,E,H107006,Depreciation Expense - Solar Equipment,0,0,0,0,Sept-26
101,FCDO,E,H108001,Road Transportation,0,0,0,0,Sept-26
101,FCDO,E,H108002,Vehicle Operations,0,0,0,0,Sept-26
101,FCDO,E,H108003,Vehicle Maintenance,0,0,0,0,Sept-26
101,FCDO,E,H108004,Vehicle Insurance - Amortization,0,0,0,0,Sept-26
101,FCDO,E,H110002,Health Insurance - Amortization,200995,83633,0,284628,Sept-26
101,FCDO,E,H113001,Exchange Gain,0,0,0,0,Sept-26
101,FCDO,E,H113002,Exchange Loss,0,0,0,0,Sept-26
101,FCDO,E,H115001,Meeting & Conferences,0,0,0,0,Sept-26
101,FCDO,E,H116001,Kitchen Supplies,0,0,0,0,Sept-26
101,FCDO,E,H116002,Cleaning Material,0,0,0,0,Sept-26
101,FCDO,E,H116003,Postage & Courier,0,0,0,0,Sept-26
101,FCDO,E,H116004,Office Supplies,0,0,0,0,Sept-26
101,FCDO,E,H116006,IT Supplies,0,0,0,0,Sept-26
101,FCDO,E,H117001,Office Rent- Islamabad,0,0,0,0,Sept-26
101,FCDO,E,H118001,Amortization - Asset and Vehicles Insurance,0,0,0,0,Sept-26
101,FCDO,E,H119001,Boarding & Lodging,0,0,0,0,Sept-26
101,FCDO,E,H119002,BoD-Boarding & Lodging,0,0,0,0,Sept-26
101,FCDO,E,H119003,Perdiem,0,0,0,0,Sept-26
101,FCDO,E,H121002,Stationery Printing,0,0,0,0,Sept-26
101,FCDO,E,H122001,IT Consultancy,0,0,0,0,Sept-26
101,FCDO,E,H122002,External Audit,0,0,0,0,Sept-26
101,FCDO,E,H122003,Internal  Audit,0,0,0,0,Sept-26
101,FCDO,E,H122004,Legal Charges,0,0,0,0,Sept-26
101,FCDO,E,H122005,Out of Pocket Ext-Audit,0,0,0,0,Sept-26
101,FCDO,E,H122007,Tax Consultancy,0,0,0,0,Sept-26
101,FCDO,E,H122010,External Audit Fee - Group Audits,0,0,0,0,Sept-26
101,FCDO,E,H123003,Daily Wages,0,0,0,0,Sept-26
101,FCDO,E,H123005,Staff Training,0,0,0,0,Sept-26
101,FCDO,E,H123006,EOBI Expense,15120,4884,0,20004,Sept-26
101,FCDO,E,H123007,Advertisement Expenses,0,0,0,0,Sept-26
101,FCDO,E,H124001,Office Repair & Maintenance,0,0,0,0,Sept-26
101,FCDO,E,H124002,Equipment Repair & Maintenance,0,0,0,0,Sept-26
101,FCDO,E,H125001,Software Annual Support Services,0,0,0,0,Sept-26
101,FCDO,E,H126001,Fee & Subscription,0,0,0,0,Sept-26
101,FCDO,E,H126002,Employee Engagement,0,0,0,0,Sept-26
101,FCDO,E,H126003,Rewards & Compensation Survey,0,0,0,0,Sept-26
101,FCDO,E,H128001,Guards & Janitorial Services,0,0,0,0,Sept-26
101,FCDO,E,H128002,Corporate and Social Responsibility,0,0,0,0,Sept-26
101,FCDO,E,H129006,Directors & officers liability insurance,0,0,0,0,Sept-26
101,FCDO,E,H129009,JSK Feeds - Management Expense,0,0,0,0,Sept-26
101,FCDO,E,H129021,Life Insurance - Amortization,13150,5855,0,19005,Sept-26
101,FCDO,E,H129022,Unwinding of Interest on loan to BF Biosciences,0,0,0,0,Sept-26
101,FCDO,E,H129031,LT Gov Framework Exercise/Study,0,0,0,0,Sept-26
101,FCDO,E,H129033,Management fee expense PFSL,0,0,0,0,Sept-26
101,FCDO,E,H129034,Modification loss / gain on BFBL,0,0,0,0,Sept-26
101,FCDO,E,H129035,Modification loss / gain due to change in cashflow on IHV,0,0,0,0,Sept-26
101,FCDO,E,H129036,Modification loss on KRN convertible loans,0,0,0,0,Sept-26
101,FCDO,E,H130003,Board and Committee Meetings,0,0,0,0,Sept-26
101,FCDO,E,I109001,ICF 6 - GCF (Grant),0,0,0,0,Sept-26
101,FCDO,E,I109002,ICF 6 - GCF Grant,0,0,0,0,Sept-26
101,FCDO,E,I112001,WV: Technical Assistance (BDS),0,0,0,0,Sept-26
101,FCDO,E,I114001,WV: Capacity Building Funds,0,0,0,0,Sept-26
101,FCDO,E,K102006,PR Services,0,0,0,0,Sept-26
101,FCDO,E,K102009,Karandaaz Innovation - Advertising & Outreach,0,0,0,0,Sept-26
101,FCDO,E,K102011,The Impact of Digital Financial Inclusion on the Economy,0,0,0,0,Sept-26
101,FCDO,E,K102012,Knowledge Partnerships,0,0,0,0,Sept-26
101,FCDO,E,K102014,Website Maintenance+SEO,0,0,0,0,Sept-26
101,FCDO,E,K102015,Digital and Social Media,0,0,0,0,Sept-26
101,FCDO,E,K102016,Marketing Collateral,0,0,0,0,Sept-26
101,FCDO,E,K102017,SME/CIC Market Visibility and Outreach,0,0,0,0,Sept-26
101,FCDO,E,K102025,ICF Marketing & MEL,0,0,0,0,Sept-26
101,FCDO,E,K102026,"WV - Events, Videos, Briefs",0,0,0,0,Sept-26
101,FCDO,E,K102034,"SECP Outreach Activity - STR, LEAP",0,0,0,0,Sept-26
101,FCDO,E,K103002,W2 - Data Portal (FCDO),0,0,0,0,Sept-26
101,FCDO,E,K103020,Data Portal 2.0 (FCDO),0,0,0,0,Sept-26
101,FCDO,E,K103027,Study on Landscape of Women-Led Businesses,0,0,0,0,Sept-26
101,FCDO,E,K103028,Study on Quality of Jobs Created,0,0,0,0,Sept-26
101,FCDO,E,K103030,Study on the prevalent tax regime,0,0,0,0,Sept-26
101,FCDO,E,K103035,Constant Contact,0,0,0,0,Sept-26
101,FCDO,E,K103036,Graphic Design Services,0,0,0,0,Sept-26
101,FCDO,E,K103041,Study on Healthcare Service Delivery in Pakistan (New),0,0,0,0,Sept-26
101,FCDO,E,K103044,"DFS Outreach (videos, publications, photo collections)",0,0,0,0,Sept-26
101,FCDO,E,K103045,SEED - Legal and Professional Charges,0,0,0,0,Sept-26
101,FCDO,E,K103046,Zoom Webinar,0,0,0,0,Sept-26
101,FCDO,E,K103047,SEO for Website,0,0,0,0,Sept-26
101,FCDO,E,K103050,KRN Small Development Initiatives,0,0,0,0,Sept-26
101,FCDO,E,K103051,Corporate Governance in SMEs,0,0,0,0,Sept-26
101,FCDO,E,K103052,"Engagement with Influencer Platforms/Podcasts (Pakistonomy, Tabadlab, etc.)",0,0,0,0,Sept-26
101,FCDO,E,K103056,Green Investment Instruments (e.g. Green Carbon Markets),0,0,0,0,Sept-26
101,FCDO,E,M102001,Third Party Monitoring of Karandaaz Projects,0,0,0,0,Sept-26
101,FCDO,E,M104008,CIC Assessment,0,0,0,0,Sept-26
101,FCDO,E,M104010,MEL functional Assessments (FCDO),0,0,0,0,Sept-26
101,FCDO,E,M104011,ESG Compliance Assessment,0,0,0,0,Sept-26
101,FCDO,E,M104012,Assessment of STR (SECP) - DFS,0,0,0,0,Sept-26
101,FCDO,E,M111001,KRN Green Portfolio,0,0,0,0,Sept-26
101,FCDO,E,SS5H100,Staff Salaries,3604216,1474563,0,5078779,Sept-26
101,FCDO,E,SS5H200,Staff Provident Fund,360674,147538,0,508212,Sept-26
101,FCDO,E,SS5H201,Gratuity expense (Staff Salaries),0,0,0,0,Sept-26
101,FCDO,E,SS5H300,Staff Over time,57582,0,0,57582,Sept-26
101,FCDO,E,SS5H400,Staff Car Monetization,706000,244000,0,950000,Sept-26
101,FCDO,E,SS5H500,Staff Child care assistance,0,0,0,0,Sept-26
101,FCDO,E,SS5H600,Performance payout,0,0,0,0,Sept-26
101,FCDO,E,SS5H700,Staff Arrears,0,0,0,0,Sept-26
101,FCDO,E,SS5H800,Other Deductions,0,0,0,0,Sept-26
101,FCDO,E,SS5H900,Other Reimbursement Expenses,240196,497493,0,737689,Sept-26
201,BMGF,E,D103004,DFS - Digital Financial Inclusion for Women,0,0,0,0,Sept-26
201,BMGF,E,D103011,Digital Experiment 4,0,0,0,0,Sept-26
201,BMGF,E,D103014,Community of Fintechs,0,0,0,0,Sept-26
201,BMGF,E,D103015,UI/UX based support for market players,0,0,0,0,Sept-26
201,BMGF,E,D103016,Fintech Disrupt Challenge,0,0,0,0,Sept-26
201,BMGF,E,D103018,Digital Experiment 3,0,0,0,0,Sept-26
201,BMGF,E,D103020,FIWC - 2,0,0,0,0,Sept-26
201,BMGF,E,D103021,Digital Payments,0,0,0,0,Sept-26
201,BMGF,E,D103022,Sectoral Projects - Value chain,0,0,0,0,Sept-26
201,BMGF,E,D103025,FIWC - 3,0,0,0,0,Sept-26
201,BMGF,E,D105002,DFS - Innov. & Incb.. - Agri Program Development,0,0,0,0,Sept-26
201,BMGF,E,D105011,BISP Financial Literacy,0,0,0,0,Sept-26
201,BMGF,E,D105015,Pilot to scale,0,0,0,0,Sept-26
201,BMGF,E,D106008,"W3: Technical Advisory, Industry/International Expert Engagement, Learning/Networking Events",0,0,0,0,Sept-26
201,BMGF,E,D107002,MPG - Infrastructure,0,0,0,0,Sept-26
201,BMGF,E,D107003,MPG - Consultant (Mckinsey),0,0,0,0,Sept-26
201,BMGF,E,D107005,Pilot MPG Linked Projects,0,0,0,0,Sept-26
201,BMGF,E,D107006,MPG - Mosc Expenses,0,0,0,0,Sept-26
201,BMGF,E,D107007,MPG Operations,0,0,0,0,Sept-26
201,BMGF,E,D107009,Engagement with Fintech Practitioners,0,0,0,0,Sept-26
201,BMGF,E,D107012,Ecommerce,0,0,0,0,Sept-26
201,BMGF,E,D107013,CDNS Phase-2 Development,0,0,0,0,Sept-26
201,BMGF,E,D107015,New Accounts Acquisition,0,774008,0,774008,Sept-26
201,BMGF,E,D107016,MOPASS,0,0,0,0,Sept-26
201,BMGF,E,D107017,RAAST Adoption,0,565047.27,0,565047.27,Sept-26
201,BMGF,E,D107018,"W1: Technical Advisory, Industry/Int'l Expert Engagement, Learning/Networking Events",519224.33,671327.59,0,1190551.92,Sept-26
201,BMGF,E,D107020,Pakistan Stack,0,0,0,0,Sept-26
201,BMGF,E,D107025,"W4: Technical Advisory, Industry/Int'l Expert Engagement, Learning/Networking Events",151993.31,61449.73,0,213443.04,Sept-26
201,BMGF,E,D107026,FIWC - 4 (Account or channel specifIc),0,0,0,0,Sept-26
201,BMGF,E,D107028,E-commerce Value Chain Interventions,0,0,0,0,Sept-26
201,BMGF,E,D107029,Sector Transformation - Agri Value Chain Transformation,4095520,0,0,4095520,Sept-26
201,BMGF,E,D107030,Adoption Projects,0,0,0,0,Sept-26
201,BMGF,E,D107034,Channel Development (Agents/Digital Onboarding),0,0,0,0,Sept-26
201,BMGF,E,D107037,FBR - Digital Invoicing Initiative (Landscape Assessment),0,0,0,0,Sept-26
201,BMGF,E,D107038,DFA-C,2550257,0,0,2550257,Sept-26
201,BMGF,E,D107039,RAAST S&M,0,128064794.5,0,128064794.5,Sept-26
201,BMGF,E,D107043,RAAST Implementation Phase,546190.6,0,0,546190.6,Sept-26
201,BMGF,E,D107044,Buna-RAAST Connectivity,-451720,0,0,-451720,Sept-26
201,BMGF,E,D107046,RAAST Governance,0,100000,0,100000,Sept-26
201,BMGF,E,D107047,FIWC - 5 (Launch),0,0,0,0,Sept-26
201,BMGF,E,D107048,New Project - Innovation Challenge Round,0,0,0,0,Sept-26
201,BMGF,E,D107049,Cashless Ecosystem,0,0,0,0,Sept-26
201,BMGF,E,D107051,"W2: Technical Advisory, Industry/Int'l Expert Engagement, Learning/Networking Events",0,0,0,0,Sept-26
201,BMGF,E,D107052,FBR - Digitization for Tax System (Stage 2: Project & Change Management ),0,0,0,0,Sept-26
201,BMGF,E,D107053,FBR - Digitalization for Tax System: Individual Consultant,10395000,12622500,0,23017500,Sept-26
201,BMGF,E,D107054,BISP - BISP and RAAST integration,0,0,0,0,Sept-26
201,BMGF,E,D107055,Raast-BUNA: Implementation,23677954.04,0,0,23677954.04,Sept-26
201,BMGF,E,D107059,FBR Digitization for Tax System (Stage 3: McKinsey PMO),100984926,50487164,0,151472090,Sept-26
201,BMGF,E,D107060,FBR - Digitalization for Tax System (Stage 3): Research Firm,0,296625,0,296625,Sept-26
201,BMGF,E,D108001,Technical assistance for social protection program,0,0,0,0,Sept-26
201,BMGF,E,D108002,CCT Program to eradicate Polio,3490000,1130000,0,4620000,Sept-26
201,BMGF,E,D108003,Termination Cost - Grant Audit,0,0,0,0,Sept-26
201,BMGF,E,D108005,Mainstreaming,0,0,0,0,Sept-26
201,BMGF,E,D108006,Disruption and Experimentation: Innovative Solutions for Women's Inclusion,-255408,4703295.59,0,4447887.59,Sept-26
201,BMGF,E,D108008,"W5: Technical Advisory, Industry/International Expert Engagement, Learning/Networking Events",1718632,0,0,1718632,Sept-26
201,BMGF,E,H101001,Bank Charges,34338.22,5725.17,0,40063.39,Sept-26
201,BMGF,E,H103002,Capacity Building,2405217.95,3239551.5,1500000,4144769.45,Sept-26
201,BMGF,E,H104001,Travel,133560,211172.5,0,344732.5,Sept-26
201,BMGF,E,H104002,BoD-Travel,0,0,0,0,Sept-26
201,BMGF,E,H104003,International Travel,0,0,0,0,Sept-26
201,BMGF,E,H105001,HR Consultancies & Internships,383310.5,61704,0,445014.5,Sept-26
201,BMGF,E,H106001,Electricity,317495,140935,0,458430,Sept-26
201,BMGF,E,H106002,Telephone & Internet,114341.5,57230,0,171571.5,Sept-26
201,BMGF,E,H106003,Communication reimbursement,240125.98,148050.33,0,388176.31,Sept-26
201,BMGF,E,H106006,Generator Expenses,167286.9,132992.05,0,300278.95,Sept-26
201,BMGF,E,H106007,Fuel reimbursement,4426225.03,2189730.65,0,6615955.68,Sept-26
201,BMGF,E,H107001,Depreciation Expense - Furnitures and Fixtures,0,0,0,0,Sept-26
201,BMGF,E,H107002,Depreciation Expense - Office Equipment,0,0,0,0,Sept-26
201,BMGF,E,H107004,Depreciation Expense - Computers,0,0,0,0,Sept-26
201,BMGF,E,H108001,Road Transportation,0,0,0,0,Sept-26
201,BMGF,E,H108002,Vehicle Operations,143216.7,132107.25,0,275323.95,Sept-26
201,BMGF,E,H108003,Vehicle Maintenance,3502,21736.5,0,25238.5,Sept-26
201,BMGF,E,H108004,Vehicle Insurance - Amortization,22198.54,17136.04,0,39334.58,Sept-26
201,BMGF,E,H109001,Directors - Trainings & Workshops,0,0,0,0,Sept-26
201,BMGF,E,H110002,Health Insurance - Amortization,2991967,1708212,0,4700179,Sept-26
201,BMGF,E,H111001,BMGF Grant,0,0,0,0,Sept-26
201,BMGF,E,H113001,Exchange Gain,0,0,0,0,Sept-26
201,BMGF,E,H113002,Exchange Loss,35644.16,0,0,35644.16,Sept-26
201,BMGF,E,H115001,Meeting & Conferences,118074.02,67716.5,0,185790.52,Sept-26
201,BMGF,E,H116001,Kitchen Supplies,214725.91,165697.24,0,380423.15,Sept-26
201,BMGF,E,H116002,Cleaning Material,0,0,0,0,Sept-26
201,BMGF,E,H116003,Postage & Courier,5559,6543,0,12102,Sept-26
201,BMGF,E,H116004,Office Supplies,41947.5,31220,0,73167.5,Sept-26
201,BMGF,E,H116006,IT Supplies,29250,9200,0,38450,Sept-26
201,BMGF,E,H116007,IT - Repair and Maintenance,0,0,0,0,Sept-26
201,BMGF,E,H116008,Printer Monthly Rental and Usage,0,0,0,0,Sept-26
201,BMGF,E,H117001,Office Rent- Islamabad,3165602,1582801,0,4748403,Sept-26
201,BMGF,E,H118001,Amortization - Asset and Vehicles Insurance,38138.26,20439.67,0,58577.93,Sept-26
201,BMGF,E,H119001,Boarding & Lodging,49149.6,98880.37,0,148029.97,Sept-26
201,BMGF,E,H119002,BoD-Boarding & Lodging,86366,0,0,86366,Sept-26
201,BMGF,E,H119003,Perdiem,126508,90552,0,217060,Sept-26
201,BMGF,E,H121001,Office Stationery,11840,0,0,11840,Sept-26
201,BMGF,E,H121002,Stationery Printing,0,0,0,0,Sept-26
201,BMGF,E,H122001,IT Consultancy,0,0,0,0,Sept-26
201,BMGF,E,H122002,External Audit,0,0,0,0,Sept-26
201,BMGF,E,H122003,Internal  Audit,0,0,0,0,Sept-26
201,BMGF,E,H122004,Legal Charges,362498.5,120832,60416.5,422914,Sept-26
201,BMGF,E,H122005,Out of Pocket Ext-Audit,60800,0,0,60800,Sept-26
201,BMGF,E,H122007,Tax Consultancy,57500,28750,0,86250,Sept-26
201,BMGF,E,H122010,External Audit Fee - Group Audits,0,0,0,0,Sept-26
201,BMGF,E,H123003,Daily Wages,6000,0,0,6000,Sept-26
201,BMGF,E,H123005,Staff Training,1070117,0,1070117,0,Sept-26
201,BMGF,E,H123006,EOBI Expense,206994,99756,0,306750,Sept-26
201,BMGF,E,H123007,Advertisement Expenses,0,0,0,0,Sept-26
201,BMGF,E,H124001,Office Repair & Maintenance,12875,28452.5,0,41327.5,Sept-26
201,BMGF,E,H124002,Equipment Repair & Maintenance,0,0,0,0,Sept-26
201,BMGF,E,H125001,Software Annual Support Services,262587.47,338222,0,600809.47,Sept-26
201,BMGF,E,H125002,Annual License fee - Amortization,0,0,0,0,Sept-26
201,BMGF,E,H125003,ERP support and maintenance cost,0,0,0,0,Sept-26
201,BMGF,E,H126001,Fee & Subscription,73942,2500,0,76442,Sept-26
201,BMGF,E,H126002,Employee Engagement,28490.5,121784.5,0,150275,Sept-26
201,BMGF,E,H126003,Rewards & Compensation Survey,0,0,0,0,Sept-26
201,BMGF,E,H126004,Corporate Social Responsibility,0,0,0,0,Sept-26
201,BMGF,E,H126005,SPOT recognition,348600,0,0,348600,Sept-26
201,BMGF,E,H128001,Guards & Janitorial Services,512504,169745,0,682249,Sept-26
201,BMGF,E,H128002,Corporate and Social Responsibility,0,0,0,0,Sept-26
201,BMGF,E,H129006,Directors & officers liability insurance,271191.66,135595.83,0,406787.49,Sept-26
201,BMGF,E,H129021,Life Insurance - Amortization,180152,119598,0,299750,Sept-26
201,BMGF,E,H129031,LT Gov Framework Exercise/Study,0,0,0,0,Sept-26
201,BMGF,E,H130002,Cross-Currency Rounding Account,0,0,0,0,Sept-26
201,BMGF,E,H130003,Board and Committee Meetings,0,877000,0,877000,Sept-26
201,BMGF,E,H13003D,Dummy account as of June-22,0,0,0,0,Sept-26
201,BMGF,E,I109003,ICF-7,0,0,0,0,Sept-26
201,BMGF,E,K102001,KFIS 2026,0,0,0,0,Sept-26
201,BMGF,E,K102002,Landscape Study of Digital Lending for Small and Medium-Sized Merchants in Urban Pakistan,0,0,0,0,Sept-26
201,BMGF,E,K102003,Alternate Revenue Models for National Payment System,0,2237325,0,2237325,Sept-26
201,BMGF,E,K102004,Collateral Regime required to optimize EWRF in Pakistan,0,0,0,0,Sept-26
201,BMGF,E,K102006,PR Services,238409.6,0,0,238409.6,Sept-26
201,BMGF,E,K102008,Product-Oriented Research on Select Agri Value Chains,0,0,0,0,Sept-26
201,BMGF,E,K102014,Website Maintenance+SEO,153075.18,44316.31,0,197391.49,Sept-26
201,BMGF,E,K102015,Digital and Social Media,247964.35,0,0,247964.35,Sept-26
201,BMGF,E,K102016,Marketing Collateral,74290,2500,0,76790,Sept-26
201,BMGF,E,K102017,SME/CIC Market Visibility and Outreach,0,0,0,0,Sept-26
201,BMGF,E,K102018,FII Survey Wave VI,0,0,0,0,Sept-26
201,BMGF,E,K102028,CDNS ATM Card Launch,0,0,0,0,Sept-26
201,BMGF,E,K102036,Production equipment,0,0,0,0,Sept-26
201,BMGF,E,K103001,W2 - Data Portal (BMGF),0,0,0,0,Sept-26
201,BMGF,E,K103010,Regulatory Researches and Policy Notes,0,0,0,0,Sept-26
201,BMGF,E,K103021,Data Portal 2.0 (BMGF),0,0,0,0,Sept-26
201,BMGF,E,K103023,Market Assessment - Geographical Eco System,0,0,0,0,Sept-26
201,BMGF,E,K103025,FII Survey Wave VII,0,0,0,0,Sept-26
201,BMGF,E,K103033,Regulatory Framework for Digital Assets,0,0,0,0,Sept-26
201,BMGF,E,K103035,Constant Contact,0,0,0,0,Sept-26
201,BMGF,E,K103036,Graphic Design Services,0,0,0,0,Sept-26
201,BMGF,E,K103039,FII Survey Wave VII (in-Field Data Collection - Feb/Mar 2022),0,0,0,0,Sept-26
201,BMGF,E,K103043,Digital Pakistan Conference and Workships/Events/Industry Consultations/Round Tables,5000,0,0,5000,Sept-26
201,BMGF,E,K103044,"DFS Outreach (videos, publications, photo collections)",712464,1150000,0,1862464,Sept-26
201,BMGF,E,K103046,Zoom Webinar,0,0,0,0,Sept-26
201,BMGF,E,K103047,SEO for Website,0,0,0,0,Sept-26
201,BMGF,E,K103052,"Engagement with Influencer Platforms/Podcasts (Pakistonomy, Tabadlab, etc.)",0,0,0,0,Sept-26
201,BMGF,E,K103053,SBP Campaign - Digital Fraud,0,0,0,0,Sept-26
201,BMGF,E,K103058,KFIS 2024,0,0,0,0,Sept-26
201,BMGF,E,K103059,Digital Fraud,0,0,0,0,Sept-26
201,BMGF,E,K103061,Improving DFS Adoption Among Women,0,0,0,0,Sept-26
201,BMGF,E,K103062,"Editing and Printing of Internal Notes (e.g. Budget, Import Substitution of Agri Commodities, Digitization of Argi Cooperatives)",0,0,0,0,Sept-26
201,BMGF,E,K103064,"Research Partnerships (e.g. Collboration wtih Research Experts, Decodis)",0,0,0,0,Sept-26
201,BMGF,E,K103065,Knowledge Partnerships BMGF (FAW),0,505020,0,505020,Sept-26
201,BMGF,E,K103066,Corporate Governance in SMEs (on-going),0,0,0,0,Sept-26
201,BMGF,E,K103068,Payment Digitization Index,0,0,0,0,Sept-26
201,BMGF,E,K103070,Feasibility Study for an E-invoicing platform in Pakistan,12000,0,0,12000,Sept-26
201,BMGF,E,K103072,RAAST Awareness Campaign,191690.7,0,0,191690.7,Sept-26
201,BMGF,E,M102001,Third Party Monitoring of Karandaaz Projects,0,0,0,0,Sept-26
201,BMGF,E,M103001,Assessment of SCF market adoption,0,0,0,0,Sept-26
201,BMGF,E,M103003,Mid-cycle assessmentof Raast merchant onboarding,0,0,0,0,Sept-26
201,BMGF,E,M104004,GrowTech Assessment,0,0,0,0,Sept-26
201,BMGF,E,M112001,Assessment of Incentive Scheme Projects,0,0,0,0,Sept-26
201,BMGF,E,M113001,"CDNS - Assessment of Digitization Impact (Total Budgeted PKR 20.0M, spread over 2 years)",0,0,0,0,Sept-26
201,BMGF,E,M116001,Assessment of DFS Gender Portfolio,0,0,0,0,Sept-26
201,BMGF,E,SS5H100,Staff Salaries,46334258,23307753,0,69642011,Sept-26
201,BMGF,E,SS5H200,Staff Provident Fund,4620202,2332439,0,6952641,Sept-26
201,BMGF,E,SS5H201,Gratuity expense (Staff Salaries),0,0,0,0,Sept-26
201,BMGF,E,SS5H300,Staff Over time,744682,246234,0,990916,Sept-26
201,BMGF,E,SS5H400,Staff Car Monetization,5510062,2792746,0,8302808,Sept-26
201,BMGF,E,SS5H500,Staff Child care assistance,272000,136000,0,408000,Sept-26
201,BMGF,E,SS5H600,Performance payout,0,0,0,0,Sept-26
201,BMGF,E,SS5H700,Staff Arrears,-37793,0,0,-37793,Sept-26
201,BMGF,E,SS5H800,Other Deductions,231750,113750,0,345500,Sept-26
201,BMGF,E,SS5H900,Other Reimbursement Expenses,2879455,2167816,0,5047271,Sept-26
201,BMGF,E,h106008,Wellness Allowance (Grade 7-10),41050,12600,0,53650,Sept-26
301,FCDO & BMGF,E,H104001,Travel,0,0,0,0,Sept-26
301,FCDO & BMGF,E,H106002,Telephone & Internet,0,0,0,0,Sept-26
301,FCDO & BMGF,E,H106003,Communication reimbursement,0,0,0,0,Sept-26
301,FCDO & BMGF,E,H115001,Meeting & Conferences,0,0,0,0,Sept-26
301,FCDO & BMGF,E,H116001,Kitchen Supplies,0,0,0,0,Sept-26
301,FCDO & BMGF,E,H116002,Cleaning Material,0,0,0,0,Sept-26
301,FCDO & BMGF,E,H116003,Postage & Courier,0,0,0,0,Sept-26
301,FCDO & BMGF,E,H116004,Office Supplies,0,0,0,0,Sept-26
301,FCDO & BMGF,E,H119001,Boarding & Lodging,0,6000,0,6000,Sept-26
301,FCDO & BMGF,E,H119003,Perdiem,0,28000,0,28000,Sept-26
301,FCDO & BMGF,E,H121001,Office Stationery,0,0,0,0,Sept-26
301,FCDO & BMGF,E,H121002,Stationery Printing,0,0,0,0,Sept-26
301,FCDO & BMGF,E,H122004,Legal Charges,0,0,0,0,Sept-26
301,FCDO & BMGF,E,H128001,Guards & Janitorial Services,0,0,0,0,Sept-26
301,FCDO & BMGF,E,H13003D,Dummy account as of June-22,0,0,0,0,Sept-26
401,OSR,E,C103002,MBL-SME Loans-Variable Expenses,742665.7,0,0,742665.7,Sept-26
401,OSR,E,C103005,MIB-SME Loans-Variable Expenses,5080,0,0,5080,Sept-26
401,OSR,E,C103006,JSBL-SME Loans-Variable Expenses,0,0,0,0,Sept-26
401,OSR,E,C103008,Soneri-SME Loans-Variable Expenses,0,0,0,0,Sept-26
401,OSR,E,C108002,Credit - Pre & post investment cost,942667,0,0,942667,Sept-26
401,OSR,E,C109002,Equity - Pre & post investment cost,942667,0,0,942667,Sept-26
401,OSR,E,C110002,GREEN - Pre & post investment cost,942666,0,0,942666,Sept-26
401,OSR,E,H101001,Bank Charges,46813.27,5725.17,0,52538.44,Sept-26
401,OSR,E,H103002,Capacity Building,2355217.96,3239551.5,1500000,4094769.46,Sept-26
401,OSR,E,H104001,Travel,363233,121566.5,0,484799.5,Sept-26
401,OSR,E,H104002,BoD-Travel,0,0,0,0,Sept-26
401,OSR,E,H104003,International Travel,0,0,0,0,Sept-26
401,OSR,E,H105001,HR Consultancies & Internships,383310.5,61704,0,445014.5,Sept-26
401,OSR,E,H106001,Electricity,317495,140935,0,458430,Sept-26
401,OSR,E,H106002,Telephone & Internet,114340.5,57230,0,171570.5,Sept-26
401,OSR,E,H106003,Communication reimbursement,219147.18,74648.85,0,293796.03,Sept-26
401,OSR,E,H106006,Generator Expenses,197111.1,190202.95,0,387314.05,Sept-26
401,OSR,E,H106007,Fuel reimbursement,4604796.48,2393192.27,0,6997988.75,Sept-26
401,OSR,E,H107001,Depreciation Expense - Furnitures and Fixtures,0,0,0,0,Sept-26
401,OSR,E,H107002,Depreciation Expense - Office Equipment,0,0,0,0,Sept-26
401,OSR,E,H107004,Depreciation Expense - Computers,0,0,0,0,Sept-26
401,OSR,E,H107005,Depreciation Expense - ROUA,0,0,0,0,Sept-26
401,OSR,E,H108001,Road Transportation,0,0,0,0,Sept-26
401,OSR,E,H108002,Vehicle Operations,179403.3,149895.75,0,329299.05,Sept-26
401,OSR,E,H108003,Vehicle Maintenance,3502,21736.5,0,25238.5,Sept-26
401,OSR,E,H108004,Vehicle Insurance - Amortization,22198.54,17136.04,0,39334.58,Sept-26
401,OSR,E,H109001,Directors - Trainings & Workshops,0,0,0,0,Sept-26
401,OSR,E,H110002,Health Insurance - Amortization,3213062,1888025,0,5101087,Sept-26
401,OSR,E,H113001,Exchange Gain,0,0,0,0,Sept-26
401,OSR,E,H113002,Exchange Loss,0,0,0,0,Sept-26
401,OSR,E,H115001,Meeting & Conferences,128868.02,74941.5,0,203809.52,Sept-26
401,OSR,E,H116001,Kitchen Supplies,214725.91,165697.24,0,380423.15,Sept-26
401,OSR,E,H116002,Cleaning Material,0,0,0,0,Sept-26
401,OSR,E,H116003,Postage & Courier,5557,6544,0,12101,Sept-26
401,OSR,E,H116004,Office Supplies,46947.5,31220,0,78167.5,Sept-26
401,OSR,E,H116006,IT Supplies,29250,9200,0,38450,Sept-26
401,OSR,E,H116007,IT - Repair and Maintenance,9204,0,0,9204,Sept-26
401,OSR,E,H116008,Printer Monthly Rental and Usage,0,0,0,0,Sept-26
401,OSR,E,H117001,Office Rent- Islamabad,3165602,1582801,0,4748403,Sept-26
401,OSR,E,H118001,Amortization - Asset and Vehicles Insurance,38138.26,20439.67,0,58577.93,Sept-26
401,OSR,E,H119001,Boarding & Lodging,117102.4,349164.5,0,466266.9,Sept-26
401,OSR,E,H119002,BoD-Boarding & Lodging,86366,0,0,86366,Sept-26
401,OSR,E,H119003,Perdiem,215908,133552,0,349460,Sept-26
401,OSR,E,H121001,Office Stationery,11840,0,0,11840,Sept-26
401,OSR,E,H121002,Stationery Printing,0,0,0,0,Sept-26
401,OSR,E,H122001,IT Consultancy,0,0,0,0,Sept-26
401,OSR,E,H122002,External Audit,0,0,0,0,Sept-26
401,OSR,E,H122004,Legal Charges,362498.5,120832,60416.5,422914,Sept-26
401,OSR,E,H122005,Out of Pocket Ext-Audit,60800,0,0,60800,Sept-26
401,OSR,E,H122007,Tax Consultancy,57500,28750,0,86250,Sept-26
401,OSR,E,H122010,External Audit Fee - Group Audits,0,0,0,0,Sept-26
401,OSR,E,H123003,Daily Wages,6000,0,0,6000,Sept-26
401,OSR,E,H123005,Staff Training,0,0,0,0,Sept-26
401,OSR,E,H123006,EOBI Expense,223626,110256,0,333882,Sept-26
401,OSR,E,H124001,Office Repair & Maintenance,12875,28452.5,0,41327.5,Sept-26
401,OSR,E,H124002,Equipment Repair & Maintenance,0,0,0,0,Sept-26
401,OSR,E,H125001,Software Annual Support Services,262587.18,338222,0,600809.18,Sept-26
401,OSR,E,H125002,Annual License fee - Amortization,0,0,0,0,Sept-26
401,OSR,E,H125003,ERP support and maintenance cost,0,0,0,0,Sept-26
401,OSR,E,H126001,Fee & Subscription,72942,2500,0,75442,Sept-26
401,OSR,E,H126002,Employee Engagement,28490.5,121784.5,0,150275,Sept-26
401,OSR,E,H126004,Corporate Social Responsibility,0,0,0,0,Sept-26
401,OSR,E,H126005,SPOT recognition,248400,0,0,248400,Sept-26
401,OSR,E,H128001,Guards & Janitorial Services,512503,169744,0,682247,Sept-26
401,OSR,E,H128002,Corporate and Social Responsibility,0,0,0,0,Sept-26
401,OSR,E,H129006,Directors & officers liability insurance,271191.66,135595.83,0,406787.49,Sept-26
401,OSR,E,H129008,Other Expense,0,0,0,0,Sept-26
401,OSR,E,H129009,JSK Feeds - Management Expense,0,0,0,0,Sept-26
401,OSR,E,H129018,Finance Cost on Lease Liability,0,0,0,0,Sept-26
401,OSR,E,H129021,Life Insurance - Amortization,194619,132187,0,326806,Sept-26
401,OSR,E,H129033,Management fee expense PFSL,575211.6,0,0,575211.6,Sept-26
401,OSR,E,H129036,Modification loss on KRN convertible loans,0,0,0,0,Sept-26
401,OSR,E,H129037,Brokerage fee and Ancillary charges,0,0,0,0,Sept-26
401,OSR,E,H130002,Cross-Currency Rounding Account,0,0,0,0,Sept-26
401,OSR,E,H130003,Board and Committee Meetings,0,1917000,0,1917000,Sept-26
401,OSR,E,H13003D,Dummy account as of June-22,0,0,0,0,Sept-26
401,OSR,E,I107004,Recovery agent fee for KRN WV parties,250000,0,0,250000,Sept-26
401,OSR,E,I109004,Ancillary Cost / Portfolio through PFSL,595312,0,0,595312,Sept-26
401,OSR,E,I112001,WV: Technical Assistance (BDS),0,0,0,0,Sept-26
401,OSR,E,I114001,WV: Capacity Building Funds,0,0,0,0,Sept-26
401,OSR,E,K102005,Green Economy- Developing Case Studies,0,190000,0,190000,Sept-26
401,OSR,E,K102006,PR Services,238409.6,0,0,238409.6,Sept-26
401,OSR,E,K102008,Product-Oriented Research on Select Agri Value Chains,0,0,0,0,Sept-26
401,OSR,E,K102014,Website Maintenance+SEO,153075.18,44316.31,0,197391.49,Sept-26
401,OSR,E,K102015,Digital and Social Media,247964.35,0,0,247964.35,Sept-26
401,OSR,E,K102016,Marketing Collateral,74290,26500,0,100790,Sept-26
401,OSR,E,K102017,SME/CIC Market Visibility and Outreach,0,0,0,0,Sept-26
401,OSR,E,K102020,"WV - Events, Videos, Briefs, etc. - on-going",0,0,0,0,Sept-26
401,OSR,E,K102025,ICF Marketing & MEL,0,0,0,0,Sept-26
401,OSR,E,K102026,"WV - Events, Videos, Briefs",0,0,0,0,Sept-26
401,OSR,E,K102036,Production equipment,0,0,0,0,Sept-26
401,OSR,E,K103035,Constant Contact,0,0,0,0,Sept-26
401,OSR,E,K103043,Digital Pakistan Conference and Workships/Events/Industry Consultations/Round Tables,5000,0,0,5000,Sept-26
401,OSR,E,K103052,"Engagement with Influencer Platforms/Podcasts (Pakistonomy, Tabadlab, etc.)",0,0,0,0,Sept-26
401,OSR,E,K103055,"Feasibilities of Innovative Climate Change Investments Projects (e.g. Biomass, Commercial Forestry)",0,0,0,0,Sept-26
401,OSR,E,K103062,"Editing and Printing of Internal Notes (e.g. Budget, Import Substitution of Agri Commodities, Digitization of Argi Cooperatives)",0,0,0,0,Sept-26
401,OSR,E,K103069,Identifying WEE inclusive sectors and opportunities for anchor models,0,0,0,0,Sept-26
401,OSR,E,K103071,Feasibility Study of Investible Green Projects (new),0,0,0,0,Sept-26
401,OSR,E,M102001,Third Party Monitoring of Karandaaz Projects,0,0,0,0,Sept-26
401,OSR,E,M104008,CIC Assessment,0,0,0,0,Sept-26
401,OSR,E,M117001,MEL Tech Stack/ Dashboard (on secure database),0,0,0,0,Sept-26
401,OSR,E,SS5H100,Staff Salaries,47975251,24916716,0,72891967,Sept-26
401,OSR,E,SS5H200,Staff Provident Fund,4713992,2419203,0,7133195,Sept-26
401,OSR,E,SS5H201,Gratuity expense (Staff Salaries),0,0,0,0,Sept-26
401,OSR,E,SS5H300,Staff Over time,1663849,172588,0,1836437,Sept-26
401,OSR,E,SS5H400,Staff Car Monetization,5766662,3038146,0,8804808,Sept-26
401,OSR,E,SS5H500,Staff Child care assistance,218000,109000,0,327000,Sept-26
401,OSR,E,SS5H600,Performance payout,0,0,0,0,Sept-26
401,OSR,E,SS5H700,Staff Arrears,-32836,0,0,-32836,Sept-26
401,OSR,E,SS5H800,Other Deductions,268250,131250,0,399500,Sept-26
401,OSR,E,SS5H900,Other Reimbursement Expenses,2691305,2463667,0,5154972,Sept-26
401,OSR,E,h106008,Wellness Allowance (Grade 7-10),27750,21750,0,49500,Sept-26
501,N/A,E,C101001,FCDO - Amortization of Deferred Grant,0,0,0,0,Sept-26
501,N/A,E,C103002,MBL-SME Loans-Variable Expenses,0,0,0,0,Sept-26
501,N/A,E,C103003,BAFL-SME Loans-Variable Expenses,0,0,0,0,Sept-26
501,N/A,E,C105004,TA to New Partners,0,0,0,0,Sept-26
501,N/A,E,C107002,Strategic Investment - Pre & post investment cost,0,0,0,0,Sept-26
501,N/A,E,C108002,Credit - Pre & post investment cost,0,0,0,0,Sept-26
501,N/A,E,C109002,Equity - Pre & post investment cost,53379,0,0,53379,Sept-26
501,N/A,E,C130004,SEED Technical Assistance                          ,0,0,0,0,Sept-26
501,N/A,E,C130005,CDC Maintenance Charges,0,0,0,0,Sept-26
501,N/A,E,D103012,Digital Experiments (5-7),0,0,0,0,Sept-26
501,N/A,E,D103015,UI/UX based support for market players,0,0,0,0,Sept-26
501,N/A,E,D103016,Fintech Disrupt Challenge,0,0,0,0,Sept-26
501,N/A,E,D103020,FIWC - 2,0,0,0,0,Sept-26
501,N/A,E,D105004,CDNS,0,0,0,0,Sept-26
501,N/A,E,D105007,Agri Value Chain Payment Digitization,0,0,0,0,Sept-26
501,N/A,E,D105008,SECP Digital & IT Transformation,0,0,0,0,Sept-26
501,N/A,E,D106004,BISP- ERP & Payment reconciliation system,0,0,0,0,Sept-26
501,N/A,E,D107002,MPG - Infrastructure,0,0,0,0,Sept-26
501,N/A,E,D107003,MPG - Consultant (Mckinsey),0,0,0,0,Sept-26
501,N/A,E,D107004,MPG Infrastructure,0,0,0,0,Sept-26
501,N/A,E,D107005,Pilot MPG Linked Projects,0,0,0,0,Sept-26
501,N/A,E,D107007,MPG Operations,0,0,0,0,Sept-26
501,N/A,E,D107009,Engagement with Fintech Practitioners,0,0,0,0,Sept-26
501,N/A,E,D107011,Company Registry,0,0,0,0,Sept-26
501,N/A,E,D107043,RAAST Implementation Phase,0,0,0,0,Sept-26
501,N/A,E,H101001,Bank Charges,0,0,0,0,Sept-26
501,N/A,E,H102001,Amortization of Intangible Assets,0,0,0,0,Sept-26
501,N/A,E,H103002,Capacity Building,0,0,0,0,Sept-26
501,N/A,E,H104001,Travel,0,0,0,0,Sept-26
501,N/A,E,H105001,HR Consultancies & Internships,0,0,0,0,Sept-26
501,N/A,E,H106001,Electricity,0,0,0,0,Sept-26
501,N/A,E,H106002,Telephone & Internet,0,0,0,0,Sept-26
501,N/A,E,H106003,Communication reimbursement,0,0,0,0,Sept-26
501,N/A,E,H106006,Generator Expenses,0,0,0,0,Sept-26
501,N/A,E,H106007,Fuel reimbursement,0,0,0,0,Sept-26
501,N/A,E,H107001,Depreciation Expense - Furnitures and Fixtures,0,0,0,0,Sept-26
501,N/A,E,H107002,Depreciation Expense - Office Equipment,0,0,0,0,Sept-26
501,N/A,E,H107003,Depreciation Expense - Vehicles,0,0,0,0,Sept-26
501,N/A,E,H107004,Depreciation Expense - Computers,0,0,0,0,Sept-26
501,N/A,E,H107005,Depreciation Expense - ROUA,0,0,0,0,Sept-26
501,N/A,E,H108002,Vehicle Operations,0,0,0,0,Sept-26
501,N/A,E,H108003,Vehicle Maintenance,0,0,0,0,Sept-26
501,N/A,E,H110002,Health Insurance - Amortization,0,0,0,0,Sept-26
501,N/A,E,H113001,Exchange Gain,-15230.91,0,0,-15230.91,Sept-26
501,N/A,E,H113002,Exchange Loss,259033.46,0,0,259033.46,Sept-26
501,N/A,E,H114001,Investment / Credit Committee,0,0,0,0,Sept-26
501,N/A,E,H115001,Meeting & Conferences,0,0,0,0,Sept-26
501,N/A,E,H116001,Kitchen Supplies,0,0,0,0,Sept-26
501,N/A,E,H116002,Cleaning Material,0,0,0,0,Sept-26
501,N/A,E,H116003,Postage & Courier,0,0,0,0,Sept-26
501,N/A,E,H116004,Office Supplies,0,0,0,0,Sept-26
501,N/A,E,H116007,IT - Repair and Maintenance,0,0,0,0,Sept-26
501,N/A,E,H116008,Printer Monthly Rental and Usage,0,0,0,0,Sept-26
501,N/A,E,H117001,Office Rent- Islamabad,0,0,0,0,Sept-26
501,N/A,E,H118001,Amortization - Asset and Vehicles Insurance,0,0,0,0,Sept-26
501,N/A,E,H119001,Boarding & Lodging,0,0,0,0,Sept-26
501,N/A,E,H119003,Perdiem,0,0,0,0,Sept-26
501,N/A,E,H121002,Stationery Printing,0,0,0,0,Sept-26
501,N/A,E,H122001,IT Consultancy,0,0,0,0,Sept-26
501,N/A,E,H122002,External Audit,0,0,0,0,Sept-26
501,N/A,E,H122004,Legal Charges,0,0,0,0,Sept-26
501,N/A,E,H122005,Out of Pocket Ext-Audit,0,0,0,0,Sept-26
501,N/A,E,H122006,Out of Pocket Internal-Audit,0,0,0,0,Sept-26
501,N/A,E,H122007,Tax Consultancy,0,0,0,0,Sept-26
501,N/A,E,H122010,External Audit Fee - Group Audits,0,0,0,0,Sept-26
501,N/A,E,H123003,Daily Wages,0,0,0,0,Sept-26
501,N/A,E,H123005,Staff Training,0,0,0,0,Sept-26
501,N/A,E,H123006,EOBI Expense,-1399,0,33264,-34663,Sept-26
501,N/A,E,H123007,Advertisement Expenses,0,0,0,0,Sept-26
501,N/A,E,H124001,Office Repair & Maintenance,0,0,0,0,Sept-26
501,N/A,E,H125001,Software Annual Support Services,0,0,0,0,Sept-26
501,N/A,E,H125002,Annual License fee - Amortization,0,0,0,0,Sept-26
501,N/A,E,H126001,Fee & Subscription,0,0,0,0,Sept-26
501,N/A,E,H126002,Employee Engagement,0,0,0,0,Sept-26
501,N/A,E,H126005,SPOT recognition,0,0,0,0,Sept-26
501,N/A,E,H127001,Loss on disposal of Fixed Assets,0,0,0,0,Sept-26
501,N/A,E,H128001,Guards & Janitorial Services,0,0,0,0,Sept-26
501,N/A,E,H128002,Corporate and Social Responsibility,0,0,0,0,Sept-26
501,N/A,E,H129006,Directors & officers liability insurance,0,0,0,0,Sept-26
501,N/A,E,H129008,Other Expense,30486,0,0,30486,Sept-26
501,N/A,E,H129009,JSK Feeds - Management Expense,0,0,0,0,Sept-26
501,N/A,E,H129014,Impaiment Loss under IFRS 9,0,0,0,0,Sept-26
501,N/A,E,H129018,Finance Cost on Lease Liability,0,0,0,0,Sept-26
501,N/A,E,H129019,Loss on below market rate loans - PFSL,0,0,0,0,Sept-26
501,N/A,E,H129021,Life Insurance - Amortization,0,0,0,0,Sept-26
501,N/A,E,H129022,Unwinding of Interest on loan to BF Biosciences,0,0,0,0,Sept-26
501,N/A,E,H129024,Unwinding of Interest on loans through PFSL,0,0,0,0,Sept-26
501,N/A,E,H129025,Modification loss on below Market loans - PFSL,0,0,0,0,Sept-26
501,N/A,E,H129027,Life Insurance - Expense,0,0,0,0,Sept-26
501,N/A,E,H129028,BFBL-SME Loans-Variable Expenses,0,0,0,0,Sept-26
501,N/A,E,H129029,Nizam- SME Loans- Variable Expenses,0,0,0,0,Sept-26
501,N/A,E,H129030,WHT on dividend,0,0,0,0,Sept-26
501,N/A,E,H129033,Management fee expense PFSL,0,0,0,0,Sept-26
501,N/A,E,H129034,Modification loss / gain on BFBL,0,0,0,0,Sept-26
501,N/A,E,H129035,Modification loss / gain due to change in cashflow on IHV,0,0,0,0,Sept-26
501,N/A,E,H129036,Modification loss on KRN convertible loans,0,0,0,0,Sept-26
501,N/A,E,H129037,Brokerage fee and Ancillary charges,0,0,0,0,Sept-26
501,N/A,E,H129038,Sales tax - Withholding by clients,0,0,0,0,Sept-26
501,N/A,E,H130002,Cross-Currency Rounding Account,0.49,0,0,0.49,Sept-26
501,N/A,E,H13003D,Dummy account as of June-22,-0.21,0,0.06,-0.27,Sept-26
501,N/A,E,I107003,Women Entrepreneurship Challenge 2020,0,0,0,0,Sept-26
501,N/A,E,I109001,ICF 6 - GCF (Grant),0,0,0,0,Sept-26
501,N/A,E,I109004,Ancillary Cost / Portfolio through PFSL,0,0,0,0,Sept-26
501,N/A,E,I111001,WV: Investments,0,0,0,0,Sept-26
501,N/A,E,I112001,WV: Technical Assistance (BDS),0,0,0,0,Sept-26
501,N/A,E,I112002,WV 2020: Technical Assistance,0,0,0,0,Sept-26
501,N/A,E,I114001,WV: Capacity Building Funds,0,0,0,0,Sept-26
501,N/A,E,K102003,Alternate Revenue Models for National Payment System,0,0,0,0,Sept-26
501,N/A,E,K102008,Product-Oriented Research on Select Agri Value Chains,0,0,0,0,Sept-26
501,N/A,E,K102009,Karandaaz Innovation - Advertising & Outreach,0,0,0,0,Sept-26
501,N/A,E,K102013,Design Agency,0,0,0,0,Sept-26
501,N/A,E,K102014,Website Maintenance+SEO,0,0,0,0,Sept-26
501,N/A,E,K102015,Digital and Social Media,0,0,0,0,Sept-26
501,N/A,E,K102016,Marketing Collateral,0,0,0,0,Sept-26
501,N/A,E,K102017,SME/CIC Market Visibility and Outreach,0,0,0,0,Sept-26
501,N/A,E,K102020,"WV - Events, Videos, Briefs, etc. - on-going",0,0,0,0,Sept-26
501,N/A,E,K102021,Study on Alternate Energy and Energy Efficiency,0,0,0,0,Sept-26
501,N/A,E,K102023,Comms Consultant,0,0,0,0,Sept-26
501,N/A,E,K102025,ICF Marketing & MEL,0,0,0,0,Sept-26
501,N/A,E,K102028,CDNS ATM Card Launch,0,0,0,0,Sept-26
501,N/A,E,K102030,MPG P2P Launch,0,0,0,0,Sept-26
501,N/A,E,K103003,Data Portal (BMGF),0,0,0,0,Sept-26
501,N/A,E,K103004,Data Portal (FCDO),0,0,0,0,Sept-26
501,N/A,E,K103018,Study on Landscape - Women Led Businesses,0,0,0,0,Sept-26
501,N/A,E,K103019,Demand Side Outreach Activity,0,0,0,0,Sept-26
501,N/A,E,K103020,Data Portal 2.0 (FCDO),0,0,0,0,Sept-26
501,N/A,E,K103021,Data Portal 2.0 (BMGF),0,0,0,0,Sept-26
501,N/A,E,K103025,FII Survey Wave VII,0,0,0,0,Sept-26
501,N/A,E,K103028,Study on Quality of Jobs Created,0,0,0,0,Sept-26
501,N/A,E,K103030,Study on the prevalent tax regime,0,0,0,0,Sept-26
501,N/A,E,K103033,Regulatory Framework for Digital Assets,0,0,0,0,Sept-26
501,N/A,E,K103035,Constant Contact,0,0,0,0,Sept-26
501,N/A,E,K103040,Knowledge Partnerships,0,0,0,0,Sept-26
501,N/A,E,K103043,Digital Pakistan Conference and Workships/Events/Industry Consultations/Round Tables,0,0,0,0,Sept-26
501,N/A,E,M102001,Third Party Monitoring of Karandaaz Projects,0,0,0,0,Sept-26
501,N/A,E,M103005,M&E- Formative evaluations and baselines,0,0,0,0,Sept-26
501,N/A,E,M104010,MEL functional Assessments (FCDO),0,0,0,0,Sept-26
501,N/A,E,M108001,SRQ Toolkit Update,0,0,0,0,Sept-26
501,N/A,E,SS5H100,Staff Salaries,44242,0,0,44242,Sept-26
501,N/A,E,SS5H200,Staff Provident Fund,0,0,0,0,Sept-26
501,N/A,E,SS5H201,Gratuity expense (Staff Salaries),0,0,0,0,Sept-26
501,N/A,E,SS5H300,Staff Over time,0,0,0,0,Sept-26
501,N/A,E,SS5H600,Performance payout,0,0,0,0,Sept-26
501,N/A,E,h106008,Wellness Allowance (Grade 7-10),30965,0,0,30965,Sept-26
601,FCDO & BMGF & OSR,E,H101001,Bank Charges,0,0,0,0,Sept-26
601,FCDO & BMGF & OSR,E,H130002,Cross-Currency Rounding Account,0,0,0,0,Sept-26
